"ID","MeteorClass","SecondClass","Group","Family","ChemGroup","PetroType","Breccia","PetroClass","MetaGrade","MarsType","Lithol","Melt","Other"
"Acapulcoite","achondrite","primitive","","acapulcoite-lodranite","","","","","","","","",""
"Acapulcoite/Lodranite","achondrite","primitive","","acapulcoite-lodranite","","","","","","","","",""
"Acapulcoite/lodranite","achondrite","primitive","","acapulcoite-lodranite","","","","","","","","",""
"Achondrite-prim","achondrite","primitive","","","","","","","","","","",""
"Achondrite-ung","achondrite","","","","","","","","","","","",""
"Angrite","achondrite","","angrite","","","","","","","","","",""
"Aubrite","achondrite","","aubrite","","","","","","","","","",""
"Aubrite-an","achondrite","","aubrite","","","","","","","","","",""
"Brachinite","achondrite","primitive","brachinite","","","","","","","","","",""
"C","chondrite","carbonaceous","","","","","","","","","","",""
"C1/2-ung","chondrite","carbonaceous","","","","1&2","","","","","","",""
"C1-ung","chondrite","carbonaceous","","","","1","","","","","","",""
"C2","chondrite","carbonaceous","","","","2","","","","","","",""
"C2-ung","chondrite","carbonaceous","","","","2","","","","","","",""
"C3.0-ung","chondrite","carbonaceous","","","","3","","","","","","",""
"C3/4-ung","chondrite","carbonaceous","","","","3|4","","","","","","",""
"C3-ung","chondrite","carbonaceous","","","","3","","","","","","",""
"C4","chondrite","carbonaceous","","","","4","","","","","","",""
"C4/5","chondrite","carbonaceous","","","","4|5","","","","","","",""
"C4-ung","chondrite","carbonaceous","","","","4","","","","","","",""
"C5/6-ung","chondrite","carbonaceous","","","","5|6","","","","","","",""
"C6","chondrite","carbonaceous","","","","6","","","","","","",""
"CB","chondrite","carbonaceous","CB","","","","","","","","","",""
"CBa","chondrite","carbonaceous","CBa","","","","","","","","","",""
"CBb","chondrite","carbonaceous","CBb","","","","","","","","","",""
"CH/CBb","chondrite","carbonaceous","CH&CBb","","","","","","","","","",""
"CH3","chondrite","carbonaceous","CH","","","3","","","","","","",""
"CH3","chondrite","carbonaceous","CH","","","3","","","","","","",""
"Chondrite-fusion crust","chondrite","","","","","","","","","","","","fusion crust"
"Chondrite-ung","chondrite","","","","","","","","","","","",""
"CI1","chondrite","carbonaceous","CI","","","1","","","","","","",""
"CK","chondrite","carbonaceous","CK","","","","","","","","","",""
"CK3","chondrite","carbonaceous","CK","","","3","","","","","","",""
"CK3.8","chondrite","carbonaceous","CK","","","3","","","","","","",""
"CK3/4","chondrite","carbonaceous","CK","","","type 3|4","","","","","","",""
"CK3-an","chondrite","carbonaceous","CK","","","3","","","","","","",""
"CK4","chondrite","carbonaceous","CK","","","4","","","","","","",""
"CK4/5","chondrite","carbonaceous","CK","","","4|5","","","","","","",""
"CK4-an","chondrite","carbonaceous","CK","","","4","","","","","","",""
"CK5","chondrite","carbonaceous","CK","","","5","","","","","","",""
"CK5/6","chondrite","carbonaceous","CK","","","5|6","","","","","","",""
"CK6","chondrite","carbonaceous","CK","","","6","","","","","","",""
"CM","chondrite","carbonaceous","CM","","","","","","","","","",""
"CM1","chondrite","carbonaceous","CM","","","1","","","","","","",""
"CM1/2","chondrite","carbonaceous","CM","","","1|2","","","","","","",""
"CM2","chondrite","carbonaceous","CM","","","2","","","","","","",""
"CM2-an","chondrite","carbonaceous","CM","","","2","","","","","","",""
"CM-an","chondrite","carbonaceous","CM","","","","","","","","","",""
"CO3","chondrite","carbonaceous","CO","","","3","","","","","","",""
"CO3","chondrite","carbonaceous","CO","","","3","","","","","","",""
"CO3.0","chondrite","carbonaceous","CO","","","3","","","","","","",""
"CO3.1","chondrite","carbonaceous","CO","","","3","","","","","","",""
"CO3.2","chondrite","carbonaceous","CO","","","3","","","","","","",""
"CO3.3","chondrite","carbonaceous","CO","","","3","","","","","","",""
"CO3.4","chondrite","carbonaceous","CO","","","3","","","","","","",""
"CO3.5","chondrite","carbonaceous","CO","","","3","","","","","","",""
"CO3.6","chondrite","carbonaceous","CO","","","3","","","","","","",""
"CO3.7","chondrite","carbonaceous","CO","","","3","","","","","","",""
"CO3.8","chondrite","carbonaceous","CO","","","3","","","","","","",""
"CR","chondrite","carbonaceous","CR","","","","","","","","","",""
"CR1","chondrite","carbonaceous","CR","","","1","","","","","","",""
"CR2","chondrite","carbonaceous","CR","","","2","","","","","","",""
"CR2-an","chondrite","carbonaceous","CR","","","2","","","","","","",""
"CR7","chondrite","carbonaceous","CR","","","7","","","","","","",""
"CR-an","chondrite","carbonaceous","CR","","","","","","","","","",""
"CV2","chondrite","carbonaceous","CV","","","2","","","","","","",""
"CV3","chondrite","carbonaceous","CV","","","3","","","","","","",""
"CV3-an","chondrite","carbonaceous","CV","","","3","","","","","","",""
"Diogenite","achondrite","","diogenite","","","","","","","","","",""
"Diogenite-an","achondrite","","","","","","","","","","","",""
"Diogenite-olivine","achondrite","","diogenite","","","","","","","","","","unusually rich in olivine"
"Diogenite-pm","achondrite","","diogenite","","","","1","","","","","",""
"E","chondrite","enstatite","","","","","","","","","","",""
"E3","chondrite","enstatite","","","","3","","","","","","",""
"E3-an","chondrite","enstatite","","","","3","","","","","","",""
"E4","chondrite","enstatite","","","","4","","","","","","",""
"E5","chondrite","enstatite","","","","5","","","","","","",""
"E5-an","chondrite","enstatite","","","","5","","","","","","",""
"E6","chondrite","enstatite","","","","6","","","","","","",""
"E-an","chondrite","enstatite","","","","","","","","","","",""
"EH","chondrite","enstatite","EH","","","","","","","","","",""
"EH3","chondrite","enstatite","EH","","","3","","","","","","",""
"EH3/4-an","chondrite","enstatite","EH","","","3|4","","","","","","",""
"EH4","chondrite","enstatite","EH","","","4","","","","","","",""
"EH4/5","chondrite","enstatite","EH","","","4|5","","","","","","",""
"EH5","chondrite","enstatite","EH","","","5","","","","","","",""
"EH6","chondrite","enstatite","EH","","","6","","","","","","",""
"EH6-an","chondrite","enstatite","EH","","","6","","","","","","",""
"EH7","chondrite","enstatite","EH","","","7","","","","","","",""
"EH7-an","chondrite","enstatite","EH","","","7","","","","","","",""
"EH-imp melt","chondrite","enstatite","EH","","","","","","","","","impact",""
"EL3","chondrite","enstatite","EL","","","3","","","","","","",""
"EL3/4","chondrite","enstatite","EL","","","3|4","","","","","","",""
"EL4","chondrite","enstatite","EL","","","4","","","","","","",""
"EL4/5","chondrite","enstatite","EL","","","4|5","","","","","","",""
"EL5","chondrite","enstatite","EL","","","5","","","","","","",""
"EL6","chondrite","enstatite","EL","","","6","","","","","","",""
"EL6","chondrite","enstatite","EL","","","6","","","","","","",""
"EL6/7","chondrite","enstatite","EL","","","6|7","","","","","","",""
"EL7","chondrite","enstatite","EL","","","7","","","","","","",""
"EL-melt rock","chondrite","enstatite","EL","","","","","","","","","",""
"Enst achon","achondrite","","","","","","","","","","","","sec:enstatite-rich"
"Enst achon-ung","achondrite","","","","","","","","","","","","sec:enstatite-rich"
"Eucrite","achondrite","","eucrite","","","","","","","","","",""
"Eucrite-an","achondrite","","eucrite","","","","","","","","","",""
"Eucrite-br","achondrite","","eucrite","","","","1","","","","","",""
"Eucrite-cm","achondrite","","eucrite","","","","","","","","","","cumulatae"
"Eucrite-Mg rich","achondrite","","eucrite","","","","","","","","","","contains magnesian pyroxene"
"Eucrite-mmict","achondrite","","eucrite","","","","1","","","","","",""
"Eucrite-pmict","achondrite","","eucrite","","","","1","","","","","",""
"Eucrite-unbr","achondrite","","eucrite","","","","","","","","","",""
"Fusion crust","other:fusion crust","","","","","","","","","","","",""
"H","chondrite","ordinary","H","","","","","","","","","",""
"H(?)4","chondrite","ordinary","H","","","4","","","","","","",""
"H(5?)","chondrite","ordinary","H","","","5","","","","","","",""
"H(L)3","chondrite","ordinary","H","","","3","","","","","","",""
"H(L)3-an","chondrite","ordinary","H","","","3","","","","","","",""
"H/L~4","chondrite","ordinary","H|L","","","4","","","","","","",""
"H/L3","chondrite","ordinary","H|L","","","3","","","","","","",""
"H/L3.5","chondrite","ordinary","H|L","","","3","","","","","","",""
"H/L3.6","chondrite","ordinary","H|L","","","3","","","","","","",""
"H/L3.7","chondrite","ordinary","H|L","","","3","","","","","","",""
"H/L3.9","chondrite","ordinary","H|L","","","3","","","","","","",""
"H/L3-4","chondrite","ordinary","H|L","","","3-4","1","","","","","",""
"H/L4","chondrite","ordinary","H|L","","","4","","","","","","",""
"H/L4/5","chondrite","ordinary","H|L","","","4|5","","","","","","",""
"H/L4-5","chondrite","ordinary","H|L","","","4-5","1","","","","","",""
"H/L5","chondrite","ordinary","H|L","","","5","","","","","","",""
"H/L6","chondrite","ordinary","H|L","","","6","","","","","","",""
"H/L6-melt rock","chondrite","ordinary","H|L","","","6","","","","","","secondary",""
"H?","chondrite","ordinary","H","","","","","","","","","",""
"H~4","chondrite","ordinary","H","","","4","","","","","","",""
"H~4/5","chondrite","ordinary","H","","","4|5","","","","","","",""
"H~5","chondrite","ordinary","H","","","5","","","","","","",""
"H~6","chondrite","ordinary","H","","","6","","","","","","",""
"H3","chondrite","ordinary","H","","","3","","","","","","",""
"H3","chondrite","ordinary","H","","","3","","","","","","",""
"H3.0","chondrite","ordinary","H","","","3","","","","","","",""
"H3.0-3.4","chondrite","ordinary","H","","","3","","","","","","",""
"H3.05","chondrite","ordinary","H","","","3","","","","","","",""
"H3.1","chondrite","ordinary","H","","","3","","","","","","",""
"H3.10","chondrite","ordinary","H","","","3","","","","","","",""
"H3.15","chondrite","ordinary","H","","","3","","","","","","",""
"H3.2","chondrite","ordinary","H","","","3","","","","","","",""
"H3.2-3.7","chondrite","ordinary","H","","","3","1","","","","","",""
"H3.2-6","chondrite","ordinary","H","","","3-6","1","","","","","",""
"H3.2-an","chondrite","ordinary","H","","","3","","","","","","",""
"H3.3","chondrite","ordinary","H","","","3","","","","","","",""
"H3.4","chondrite","ordinary","H","","","3","","","","","","",""
"H3.4/3.5","chondrite","ordinary","H","","","3","","","","","","",""
"H3.4-5","chondrite","ordinary","H","","","3-6","1","","","","","",""
"H3.5","chondrite","ordinary","H","","","3","","","","","","",""
"H3.5-4","chondrite","ordinary","H","","","3-4","1","","","","","",""
"H3.6","chondrite","ordinary","H","","","3","","","","","","",""
"H3.6-6","chondrite","ordinary","H","","","3-6","1","","","","","",""
"H3.7","chondrite","ordinary","H","","","3","","","","","","",""
"H3.7/3.8","chondrite","ordinary","H","","","3","","","","","","",""
"H3.7-5","chondrite","ordinary","H","","","3-5","1","","","","","",""
"H3.7-6","chondrite","ordinary","H","","","3-6","1","","","","","",""
"H3.8","chondrite","ordinary","H","","","3","","","","","","",""
"H3.8/3.9","chondrite","ordinary","H","","","3","","","","","","",""
"H3.8/4","chondrite","ordinary","H","","","3|4","","","","","","",""
"H3.8-4","chondrite","ordinary","H","","","3-4","1","","","","","",""
"H3.8-5","chondrite","ordinary","H","","","3-5","1","","","","","",""
"H3.8-6","chondrite","ordinary","H","","","3-6","1","","","","","",""
"H3.8-an","chondrite","ordinary","H","","","3","","","","","","",""
"H3.9","chondrite","ordinary","H","","","3","","","","","","",""
"H3.9/4","chondrite","ordinary","H","","","3|4","","","","","","",""
"H3.9-5","chondrite","ordinary","H","","","3-5","1","","","","","",""
"H3.9-6","chondrite","ordinary","H","","","3-6","1","","","","","",""
"H3/4","chondrite","ordinary","H","","","3|4","","","","","","",""
"H3-4","chondrite","ordinary","H","","","3-4","1","","","","","",""
"H3-5","chondrite","ordinary","H","","","3-5","1","","","","","",""
"H3-6","chondrite","ordinary","H","","","3-6","1","","","","","",""
"H3-an","chondrite","ordinary","H","","","3","","","","","","",""
"H4","chondrite","ordinary","H","","","4","","","","","","",""
"H4","chondrite","ordinary","H","","","4","","","","","","",""
"H4(?)","chondrite","ordinary","H","","","4","","","","","","",""
"H4/5","chondrite","ordinary","H","","","4|5","","","","","","",""
"H4/6","chondrite","ordinary","H","","","4|6","","","","","","",""
"H4-5","chondrite","ordinary","H","","","4-5","1","","","","","",""
"H4-6","chondrite","ordinary","H","","","4-6","1","","","","","",""
"H4-an","chondrite","ordinary","H","","","4","","","","","","",""
"H4-melt breccia","chondrite","ordinary","H","","","4","1","","","","","breccia",""
"H5","chondrite","ordinary","H","","","5","","","","","","",""
"H5","chondrite","ordinary","H","","","5","","","","","","",""
"H5/6","chondrite","ordinary","H","","","5|6","","","","","","",""
"H5-6","chondrite","ordinary","H","","","5-6","1","","","","","",""
"H5-7","chondrite","ordinary","H","","","5-7","1","","","","","",""
"H5-an","chondrite","ordinary","H","","","5","","","","","","",""
"H5-melt breccia","chondrite","ordinary","H","","","5","1","","","","","breccia",""
"H6","chondrite","ordinary","H","","","6","","","","","","",""
"H6","chondrite","ordinary","H","","","6","","","","","","",""
"H6/7","chondrite","ordinary","H","","","6|7","","","","","","",""
"H6-melt breccia","chondrite","ordinary","H","","","6","1","","","","","breccia",""
"H7","chondrite","ordinary","H","","","7","","","","","","",""
"H-an","chondrite","ordinary","H","","","","","","","","","",""
"H-imp melt","chondrite","ordinary","H","","","","","","","","","impact",""
"H-melt breccia","chondrite","ordinary","H","","","","1","","","","","breccia",""
"H-melt rock","chondrite","ordinary","H","","","","","","","","","secondary",""
"H-metal","metal","","H","","","","","","","","","",""
"Howardite","achondrite","","howardite","","","","","","","","","",""
"Howardite-an","achondrite","","howardite","","","","","","","","","",""
"Impact melt breccia","melt:impact","","","","","","1","","","","","",""
"Iron","iron","","","","","","","","","","","",""
"Iron, IAB complex","iron","","","","IAB","","","","","","","",""
"Iron, IAB?","iron","","","","IAB","","","","","","","",""
"Iron, IAB-an","iron","","","","IAB","","","","","","","",""
"Iron, IAB-MG","iron","","","","IAB-MG","","","","","","","",""
"Iron, IAB-sHH","iron","","","","IAB-sHH","","","","","","","",""
"Iron, IAB-sHL","iron","","","","IAB-sHL","","","","","","","",""
"Iron, IAB-sHL-an","iron","","","","IAB-sHL","","","","","","","",""
"Iron, IAB-sLH","iron","","","","IAB-sLH","","","","","","","",""
"Iron, IAB-sLL","iron","","","","IAB-sLL","","","","","","","",""
"Iron, IAB-sLM","iron","","","","IAB-sLL","","","","","","","",""
"Iron, IAB-ung","iron","","","","IAB","","","","","","","",""
"Iron, IC","iron","","","","IC","","","","","","","",""
"Iron, IC-an","iron","","","","IC","","","","","","","",""
"Iron, IIAB","iron","","","","IIAB","","","","","","","",""
"Iron, IIAB-an","iron","","","","IIAB","","","","","","","",""
"Iron, IIC","iron","","","","IIC","","","","","","","",""
"Iron, IID","iron","","","","IID","","","","","","","",""
"Iron, IID-an","iron","","","","IID","","","","","","","",""
"Iron, IIE","iron","","","","IIE","","","","","","","",""
"Iron, IIE?","iron","","","","IIE","","","","","","","",""
"Iron, IIE-an","iron","","","","IIE","","","","","","","",""
"Iron, IIF","iron","","","","IIF","","","","","","","",""
"Iron, IIG","iron","","","","IIG","","","","","","","",""
"Iron, IIIAB","iron","","","","IIIAB","","","","","","","",""
"Iron, IIIAB?","iron","","","","IIIAB","","","","","","","",""
"Iron, IIIAB-an","iron","","","","IIIAB","","","","","","","",""
"Iron, IIIE","iron","","","","IIIE","","","","","","","",""
"Iron, IIIE-an","iron","","","","IIIE","","","","","","","",""
"Iron, IIIF","iron","","","","IIIF","","","","","","","",""
"Iron, IVA","iron","","","","IVA","","","","","","","",""
"Iron, IVA-an","iron","","","","IVA","","","","","","","",""
"Iron, IVB","iron","","","","IVB","","","","","","","",""
"Iron, ungrouped","iron","","","","","","","","","","","",""
"Iron?","iron","","","","","","","","","","","",""
"K","chondrite","kakangari","","","","","","","","","","",""
"K3","chondrite","kakangari","","","","3","","","","","","",""
"L","chondrite","ordinary","L","","","","","","","","","",""
"L(?)3","chondrite","ordinary","L","","","3","","","","","","",""
"L(H)3","chondrite","ordinary","L","","","3","","","","","","",""
"L(LL)~4","chondrite","ordinary","L","","","4","","","","","","",""
"L(LL)3","chondrite","ordinary","L","","","3","","","","","","",""
"L(LL)3.05","chondrite","ordinary","L","","","3","","","","","","",""
"L(LL)3.5-3.7","chondrite","ordinary","L","","","3","1","","","","","",""
"L(LL)5","chondrite","ordinary","L","","","5","","","","","","",""
"L(LL)6","chondrite","ordinary","L","","","6","","","","","","",""
"L/LL","chondrite","ordinary","L|LL","","","","","","","","","",""
"L/LL(?)3","chondrite","ordinary","L|LL","","","3","","","","","","",""
"L/LL~4","chondrite","ordinary","L|LL","","","4","","","","","","",""
"L/LL~5","chondrite","ordinary","L|LL","","","5","","","","","","",""
"L/LL~6","chondrite","ordinary","L|LL","","","6","","","","","","",""
"L/LL3","chondrite","ordinary","L|LL","","","3","","","","","","",""
"L/LL3.10","chondrite","ordinary","L|LL","","","3","","","","","","",""
"L/LL3.2","chondrite","ordinary","L|LL","","","3","","","","","","",""
"L/LL3.4","chondrite","ordinary","L|LL","","","3","","","","","","",""
"L/LL3.5","chondrite","ordinary","L|LL","","","3","","","","","","",""
"L/LL3.6/3.7","chondrite","ordinary","L|LL","","","3","1","","","","","",""
"L/LL3-5","chondrite","ordinary","L|LL","","","3-5","1","","","","","",""
"L/LL3-6","chondrite","ordinary","L|LL","","","3-6","1","","","","","",""
"L/LL4","chondrite","ordinary","L|LL","","","4","","","","","","",""
"L/LL4/5","chondrite","ordinary","L|LL","","","4|5","","","","","","",""
"L/LL4-6","chondrite","ordinary","L|LL","","","3-6","1","","","","","",""
"L/LL5","chondrite","ordinary","L|LL","","","5","","","","","","",""
"L/LL5/6","chondrite","ordinary","L|LL","","","5|6","","","","","","",""
"L/LL5-6","chondrite","ordinary","L|LL","","","5-6","1","","","","","",""
"L/LL6","chondrite","ordinary","L|LL","","","6","","","","","","",""
"L/LL6-an","chondrite","ordinary","L|LL","","","6","","","","","","",""
"L/LL-melt rock","chondrite","ordinary","L|LL","","","","","","","","","secondary",""
"L~3","chondrite","ordinary","L","","","3","","","","","","",""
"L~4","chondrite","ordinary","L","","","4","","","","","","",""
"L~4-6","chondrite","ordinary","L","","","4-6","1","","","","","",""
"L~5","chondrite","ordinary","L","","","5","","","","","","",""
"L~6","chondrite","ordinary","L","","","6","","","","","","",""
"L3","chondrite","ordinary","L","","","3","","","","","","",""
"L3.0","chondrite","ordinary","L","","","3","","","","","","",""
"L3.00","chondrite","ordinary","L","","","3","","","","","","",""
"L3.0-3.7","chondrite","ordinary","L","","","3","1","","","","","",""
"L3.0-3.9","chondrite","ordinary","L","","","3","1","","","","","",""
"L3.05","chondrite","ordinary","L","","","3","","","","","","",""
"L3.1","chondrite","ordinary","L","","","3","","","","","","",""
"L3.10","chondrite","ordinary","L","","","3","","","","","","",""
"L3.2","chondrite","ordinary","L","","","3","","","","","","",""
"L3.2-3.5","chondrite","ordinary","L","","","3","1","","","","","",""
"L3.2-3.6","chondrite","ordinary","L","","","3","1","","","","","",""
"L3.3","chondrite","ordinary","L","","","3","","","","","","",""
"L3.3-3.5","chondrite","ordinary","L","","","3","1","","","","","",""
"L3.3-3.6","chondrite","ordinary","L","","","3","1","","","","","",""
"L3.3-3.7","chondrite","ordinary","L","","","3","1","","","","","",""
"L3.4","chondrite","ordinary","L","","","3","","","","","","",""
"L3.4-3.7","chondrite","ordinary","L","","","3","1","","","","","",""
"L3.5","chondrite","ordinary","L","","","3","","","","","","",""
"L3.5-3.7","chondrite","ordinary","L","","","3","1","","","","","",""
"L3.5-3.8","chondrite","ordinary","L","","","3","1","","","","","",""
"L3.5-3.9","chondrite","ordinary","L","","","3","1","","","","","",""
"L3.5-5","chondrite","ordinary","L","","","3-5","1","","","","","",""
"L3.6","chondrite","ordinary","L","","","3","","","","","","",""
"L3.6-4","chondrite","ordinary","L","","","3-4","1","","","","","",""
"L3.7","chondrite","ordinary","L","","","3","","","","","","",""
"L3.7/3.8","chondrite","ordinary","L","","","","","","","","","",""
"L3.7-3.9","chondrite","ordinary","L","","","","1","","","","","",""
"L3.7-4","chondrite","ordinary","L","","","3-4","1","","","","","",""
"L3.7-6","chondrite","ordinary","L","","","3-6","1","","","","","",""
"L3.8","chondrite","ordinary","L","","","3","","","","","","",""
"L3.8-5","chondrite","ordinary","L","","","3-5","1","","","","","",""
"L3.8-6","chondrite","ordinary","L","","","3-6","1","","","","","",""
"L3.8-an","chondrite","ordinary","L","","","3","","","","","","",""
"L3.9","chondrite","ordinary","L","","","3","","","","","","",""
"L3.9/4","chondrite","ordinary","L","","","3|4","","","","","","",""
"L3.9-5","chondrite","ordinary","L","","","3-5","1","","","","","",""
"L3.9-6","chondrite","ordinary","L","","","3-6","1","","","","","",""
"L3/4","chondrite","ordinary","L","","","3|4","","","","","","",""
"L3-4","chondrite","ordinary","L","","","3-4","1","","","","","",""
"L3-5","chondrite","ordinary","L","","","3-5","1","","","","","",""
"L3-6","chondrite","ordinary","L","","","3-6","1","","","","","",""
"L3-7","chondrite","ordinary","L","","","3-7","1","","","","","",""
"L3-melt breccia","chondrite","ordinary","L","","","3","1","","","","","breccia",""
"L4","chondrite","ordinary","L","","","4","","","","","","",""
"L4","chondrite","ordinary","L","","","4","","","","","","",""
"L4/5","chondrite","ordinary","L","","","4|5","","","","","","",""
"L4-5","chondrite","ordinary","L","","","4-5","1","","","","","",""
"L4-6","chondrite","ordinary","L","","","4-6","1","","","","","",""
"L4-an","chondrite","ordinary","L","","","4","","","","","","",""
"L4-melt breccia","chondrite","ordinary","L","","","4","1","","","","","breccia",""
"L4-melt rock","chondrite","ordinary","L","","","4","","","","","","secondary",""
"L5","chondrite","ordinary","L","","","5","","","","","","",""
"L5","chondrite","ordinary","L","","","5","","","","","","",""
"L5/6","chondrite","ordinary","L","","","5|6","","","","","","",""
"L5-6","chondrite","ordinary","L","","","5-6","1","","","","","",""
"L5-7","chondrite","ordinary","L","","","5-7","1","","","","","",""
"L5-melt breccia","chondrite","ordinary","L","","","5 ","1","","","","","breccia",""
"L6","chondrite","ordinary","L","","","6","","","","","","",""
"L6","chondrite","ordinary","L","","","6","","","","","","",""
"L6/7","chondrite","ordinary","L","","","6|7","","","","","","",""
"L6-melt breccia","chondrite","ordinary","L","","","6","1","","","","","breccia",""
"L6-melt rock","chondrite","ordinary","L","","","6","","","","","","secondary",""
"L7","chondrite","ordinary","L","","","7","","","","","","",""
"L-imp melt","chondrite","ordinary","L","","","","","","","","","impact",""
"LL","chondrite","ordinary","LL","","","","","","","","","",""
"LL(L)3","chondrite","ordinary","LL","","","3","","","","","","",""
"LL(L)3.1","chondrite","ordinary","LL","","","3","","","","","","",""
"LL~3","chondrite","ordinary","LL","","","3","","","","","","",""
"LL~4","chondrite","ordinary","LL","","","4","","","","","","",""
"LL~4/5","chondrite","ordinary","LL","","","4|5","","","","","","",""
"LL~5","chondrite","ordinary","LL","","","5","","","","","","",""
"LL~6","chondrite","ordinary","LL","","","6","","","","","","",""
"LL<3.5","chondrite","ordinary","LL","","","3","","","","","","",""
"LL3","chondrite","ordinary","LL","","","3","","","","","","",""
"LL3.0","chondrite","ordinary","LL","","","3","","","","","","",""
"LL3.00","chondrite","ordinary","LL","","","3","","","","","","",""
"LL3.05","chondrite","ordinary","LL","","","3","","","","","","",""
"LL3.1","chondrite","ordinary","LL","","","3","","","","","","",""
"LL3.10","chondrite","ordinary","LL","","","3","","","","","","",""
"LL3.1-3.5","chondrite","ordinary","LL","","","3","1","","","","","",""
"LL3.15","chondrite","ordinary","LL","","","3","","","","","","",""
"LL3.2","chondrite","ordinary","LL","","","3","","","","","","",""
"LL3.3","chondrite","ordinary","LL","","","3","","","","","","",""
"LL3.4","chondrite","ordinary","LL","","","3","","","","","","",""
"LL3.5","chondrite","ordinary","LL","","","3","","","","","","",""
"LL3.6","chondrite","ordinary","LL","","","3","","","","","","",""
"LL3.7","chondrite","ordinary","LL","","","3","","","","","","",""
"LL3.7-6","chondrite","ordinary","LL","","","3-6","1","","","","","",""
"LL3.8","chondrite","ordinary","LL","","","3","","","","","","",""
"LL3.8-4","chondrite","ordinary","LL","","","3-4","1","","","","","",""
"LL3.8-6","chondrite","ordinary","LL","","","3-6","1","","","","","",""
"LL3.9","chondrite","ordinary","LL","","","3","","","","","","",""
"LL3.9/4","chondrite","ordinary","LL","","","3|4","","","","","","",""
"LL3/4","chondrite","ordinary","LL","","","3|4","","","","","","",""
"LL3-4","chondrite","ordinary","LL","","","3-4","1","","","","","",""
"LL3-5","chondrite","ordinary","LL","","","3-5","1","","","","","",""
"LL3-6","chondrite","ordinary","LL","","","3-6","1","","","","","",""
"LL4","chondrite","ordinary","LL","","","4","","","","","","",""
"LL4/5","chondrite","ordinary","LL","","","4|5","","","","","","",""
"LL4/6","chondrite","ordinary","LL","","","4 type 5|6","","","","","","",""
"LL4-5","chondrite","ordinary","LL","","","4-5","1","","","","","",""
"LL4-6","chondrite","ordinary","LL","","","4-6","1","","","","","",""
"LL5","chondrite","ordinary","LL","","","5","","","","","","",""
"LL5/6","chondrite","ordinary","LL","","","5|6","","","","","","",""
"LL5-6","chondrite","ordinary","LL","","","5-6","1","","","","","",""
"LL5-7","chondrite","ordinary","LL","","","5-7","1","","","","","",""
"LL6","chondrite","ordinary","LL","","","6","","","","","","",""
"LL6","chondrite","ordinary","LL","","","6","","","","","","",""
"LL6(?)","chondrite","ordinary","LL","","","6","","","","","","",""
"LL6/7","chondrite","ordinary","LL","","","6|7","","","","","","",""
"LL6-an","chondrite","ordinary","LL","","","6","","","","","","",""
"LL6-melt breccia","chondrite","ordinary","LL","","","6","1","","","","","breccia",""
"LL7","chondrite","ordinary","LL","","","7","","","","","","",""
"LL7(?)","chondrite","ordinary","LL","","","7","","","","","","",""
"LL-imp melt","chondrite","ordinary","LL","","","","","","","","","impact",""
"LL-melt breccia","chondrite","ordinary","LL","","","","1","","","","","breccia",""
"LL-melt rock","chondrite","ordinary","L","","","","","","","","","secondary",""
"L-melt breccia","chondrite","ordinary","L","","","","1","","","","","breccia",""
"L-melt rock","chondrite","ordinary","L","","","","","","","","","secondary",""
"L-metal","metal","","L","","","","","","","","","",""
"Lodranite","achondrite","primitive","","acapulcoite-lodranite","","","","","","","","",""
"Lodranite-an","achondrite","primitive","","acapulcoite-lodranite","","","","","","","","",""
"Lunar","lunar","","","","","","","","","","","",""
"Lunar (anorth)","lunar","","","","","","","","","","anorthositic","",""
"Lunar (bas. breccia)","lunar","","","","","","1","","","","basaltic","",""
"Lunar (bas/anor)","lunar","","","","","","","","","","basaltic&anorthositic","",""
"Lunar (bas/gab brec)","lunar","","","","","","1","","","","basaltic&gabbroic","",""
"Lunar (basalt)","lunar","","","","","","","","","","basalic","",""
"Lunar (feldsp. breccia)","lunar","","","","","","1","","","","feldspathic","",""
"Lunar (gabbro)","lunar","","","","","","","","","","gabbroic","",""
"Lunar (norite)","lunar","","","","","","","","","","noritic","",""
"Martian","martian","","","","","","","","","","","",""
"Martian (basaltic breccia)","martian","","","","","","1","","","","","","basaltic clasts"
"Martian (chassignite)","martian","","","","","","","","","chassignite","","",""
"Martian (nakhlite)","martian","","","","","","","","","nakhlite","","",""
"Martian (OPX)","martian","","","","","","","","","","","","orthopyroxene-rich"
"Martian (shergottite)","martian","","","","","","","","","shergottite","","",""
"Mesosiderite","mesosiderite","","","","","","1","","","","","",""
"Mesosiderite?","mesosiderite","","","","","","1","","","","","",""
"Mesosiderite-A","mesosiderite","","","","","","1","A","","","","",""
"Mesosiderite-A1","mesosiderite","","","","","","1","A","1","","","",""
"Mesosiderite-A2","mesosiderite","","","","","","1","A","2","","","",""
"Mesosiderite-A3","mesosiderite","","","","","","1","A","3","","","",""
"Mesosiderite-A3/4","mesosiderite","","","","","","1","A","3|4","","","",""
"Mesosiderite-A4","mesosiderite","","","","","","1","A","4","","","",""
"Mesosiderite-an","mesosiderite","","","","","","1","","","","","",""
"Mesosiderite-B","mesosiderite","","","","","","1","B","","","","",""
"Mesosiderite-B1","mesosiderite","","","","","","1","B","1","","","",""
"Mesosiderite-B2","mesosiderite","","","","","","1","B","2","","","",""
"Mesosiderite-B4","mesosiderite","","","","","","1","B","4","","","",""
"Mesosiderite-C","mesosiderite","","","","","","1","C","","","","",""
"Mesosiderite-C2","mesosiderite","","","","","","1","C","2","","","",""
"OC","chondrite","ordinary","","","","","","","","","","",""
"OC3","chondrite","ordinary","","","","3","","","","","","",""
"Pallasite","pallasite","","","","","","","","","","","",""
"Pallasite, ungrouped","pallasite","","","","","","","","","","","",""
"Pallasite, PES","pallasite","","","","ES","","","","","","","",""
"Pallasite, PMG","pallasite","","","","MG","","","","","","","",""
"Pallasite, PMG-an","pallasite","","","","MG","","","","","","","",""
"Pallasite?","pallasite","","","","","","","","","","","",""
"R","sec:R","","","","","","","","","","","",""
"R3","chondrite","R","","","","3","","","","","","",""
"R3.4","chondrite","R","","","","3","","","","","","",""
"R3.5-4","chondrite","R","","","","3-4","1","","","","","",""
"R3.5-6","chondrite","R","","","","3-6","1","","","","","",""
"R3.6","chondrite","R","","","","3","","","","","","",""
"R3.7","chondrite","R","","","","3","","","","","","",""
"R3.8","chondrite","R","","","","3","","","","","","",""
"R3.8-5","chondrite","R","","","","3-5","1","","","","","",""
"R3.8-6","chondrite","R","","","","3-6","1","","","","","",""
"R3.9","chondrite","R","","","","3","","","","","","",""
"R3/4","chondrite","R","","","","3|4","","","","","","",""
"R3-4","chondrite","R","","","","3-4","1","","","","","",""
"R3-5","chondrite","R","","","","3-5","1","","","","","",""
"R3-6","chondrite","R","","","","3-6","1","","","","","",""
"R4","chondrite","R","","","","4","","","","","","",""
"R4/5","chondrite","R","","","","4|5","","","","","","",""
"R5","chondrite","R","","","","5","","","","","","",""
"R6","chondrite","R","","","","6","","","","","","",""
"Relict H","chondrite","ordinary","H","","","","","","","","","",""
"Relict iron","iron","","","","","","","","","","","",""
"Relict OC","chondrite","ordinary","","","","","","","","","","",""
"Stone-uncl","stone","","","","","","","","","","","",""
"Stone-ung","stone","","","","","","","","","","","",""
"Unknown","unknown","","","","","","","","","","","",""
"Ureilite","achondrite","","ureilite","","","","","","","","","",""
"Ureilite-an","achondrite","","ureilite","","","","","","","","","",""
"Ureilite-pmict","achondrite","","ureilite","","","","1","","","","","",""
"Winonaite","achondrite","primitive","winonaite","","","","","","","","","",""
