4,Acapulcoite,achondrite,sec:primitive,family:acapulcoite-lodranite,,,
283,Acapulcoite/Lodranite,achondrite,sec:primitive,family:acapulcoite-lodranite,,,
343,Acapulcoite/lodranite,achondrite,sec:primitive,family:acapulcoite-lodranite,,,
387,Achondrite-prim,achondrite,sec:primitive,,,,
115,Achondrite-ung,achondrite,,,,,
23,Angrite,achondrite,,group:angrite,,,
26,Aubrite,achondrite,,group:aubrite,,,
333,Aubrite-an,achondrite,,group:aubrite,anomalous:1,,
162,Brachinite,achondrite,sec:primitive,group:brachinite,,,
117,C,chondrite,sec:carbonaceous,,,,
465,C1/2-ung,chondrite,sec:carbonaceous,petrologictype:1&2,,,
208,C1-ung,chondrite,sec:carbonaceous,petrologictype:1,,,
287,C2,chondrite,sec:carbonaceous,petrologictype:2,,,
34,C2-ung,chondrite,sec:carbonaceous,petrologictype:2,,,
410,C3.0-ung,chondrite,sec:carbonaceous,petrologictype:3,,,
443,C3/4-ung,chondrite,sec:carbonaceous,petrologictype:3|4,,,
100,C3-ung,chondrite,sec:carbonaceous,petrologictype:3,,,
205,C4,chondrite,sec:carbonaceous,petrologictype:4,,,
288,C4/5,chondrite,sec:carbonaceous,petrologictype:4|5,,,
225,C4-ung,chondrite,sec:carbonaceous,petrologictype:4,,,
355,C5/6-ung,chondrite,sec:carbonaceous,petrologictype:5|6,,,
201,C6,chondrite,sec:carbonaceous,petrologictype:6,,,
347,CB,chondrite,sec:carbonaceous,group:CB,,,
70,CBa,chondrite,sec:carbonaceous,group:CBa,,,
316,CBb,chondrite,sec:carbonaceous,group:CBb,,,
319,CH/CBb,chondrite,sec:carbonaceous,group:CH&CBb,,,
141,CH3,chondrite,sec:carbonaceous,group:CH,petrologictype:3,,
375,CH3,chondrite,sec:carbonaceous,group:CH,petrologictype:3,,
248,Chondrite-fusion crust,chondrite,,other:fusion crust,,,
146,Chondrite-ung,chondrite,,,,,
16,CI1,chondrite,sec:carbonaceous,group:CI,petrologictype:1,,
362,CK,chondrite,sec:carbonaceous,group:CK,,,
217,CK3,chondrite,sec:carbonaceous,group:CK,petrologictype:3,,
391,CK3.8,chondrite,sec:carbonaceous,group:CK,petrologictype:3,,
390,CK3/4,chondrite,sec:carbonaceous,group:CK,petrologictype:type 3|4,,
242,CK3-an,chondrite,sec:carbonaceous,group:CK,petrologictype:3,anomalous:1,
84,CK4,chondrite,sec:carbonaceous,group:CK,petrologictype:4,,
232,CK4/5,chondrite,sec:carbonaceous,group:CK,petrologictype:4|5,,
344,CK4-an,chondrite,sec:carbonaceous,group:CK,petrologictype:4,anomalous:1,
193,CK5,chondrite,sec:carbonaceous,group:CK,petrologictype:5,anomalous:1,
285,CK5/6,chondrite,sec:carbonaceous,group:CK,petrologictype:5|6,,
191,CK6,chondrite,sec:carbonaceous,group:CK,petrologictype:6,anomalous:1,
430,CM,chondrite,sec:carbonaceous,group:CM,,,
170,CM1,chondrite,sec:carbonaceous,group:CM,petrologictype:1,,
160,CM1/2,chondrite,sec:carbonaceous,group:CM,petrologictype:1|2,,
30,CM2,chondrite,sec:carbonaceous,group:CM,petrologictype:2,,
396,CM2-an,chondrite,sec:carbonaceous,group:CM,petrologictype:2,anomalous:1,
255,CM-an,chondrite,sec:carbonaceous,group:CM,anomalous:1 and,,
145,CO3,chondrite,sec:carbonaceous,group:CO,petrologictype:3,,
374,CO3,chondrite,sec:carbonaceous,group:CO,petrologictype:3,,
178,CO3.0,chondrite,sec:carbonaceous,group:CO,petrologictype:3,,
385,CO3.1,chondrite,sec:carbonaceous,group:CO,petrologictype:3,,
81,CO3.2,chondrite,sec:carbonaceous,group:CO,petrologictype:3,,
64,CO3.3,chondrite,sec:carbonaceous,group:CO,petrologictype:3,,
102,CO3.4,chondrite,sec:carbonaceous,group:CO,petrologictype:3,,
88,CO3.5,chondrite,sec:carbonaceous,group:CO,petrologictype:3,,
97,CO3.6,chondrite,sec:carbonaceous,group:CO,petrologictype:3,,
123,CO3.7,chondrite,sec:carbonaceous,group:CO,petrologictype:3,,
320,CO3.8,chondrite,sec:carbonaceous,group:CO,petrologictype:3,,
247,CR,chondrite,sec:carbonaceous,group:CR,,,
299,CR1,chondrite,sec:carbonaceous,group:CR,petrologictype:1,,
80,CR2,chondrite,sec:carbonaceous,group:CR,petrologictype:2,,
14,CR2-an,chondrite,sec:carbonaceous,group:CR,petrologictype:2,anomalous:1,
424,CR7,chondrite,sec:carbonaceous,group:CR,petrologictype:7,,
452,CR-an,chondrite,sec:carbonaceous,group:CR,anomalous:1,,
356,CV2,chondrite,sec:carbonaceous,group:CV,petrologictype:2,,
19,CV3,chondrite,sec:carbonaceous,group:CV,petrologictype:3,,
182,CV3-an,chondrite,sec:carbonaceous,group:CV,anomalous:1 and,petrologictype:3,
38,Diogenite,achondrite,,group:diogenite,,,
298,Diogenite-an,achondrite,,,anomalous:1,,
348,Diogenite-olivine,achondrite,,group:diogenite,other:unusually rich in olivine,,
9,Diogenite-pm,achondrite,,group:diogenite,breccia:1,,
304,E,chondrite,sec:enstatite,,,,
342,E3,chondrite,sec:enstatite,petrologictype:3,,,
340,E3-an,chondrite,sec:enstatite,petrologictype:3,anomalous:1,,
144,E4,chondrite,sec:enstatite,petrologictype:4,,,
457,E5,chondrite,sec:enstatite,petrologictype:5,,,
461,E5-an,chondrite,sec:enstatite,petrologictype:5,anomalous:1,,
196,E6,chondrite,sec:enstatite,petrologictype:6,,,
433,E-an,chondrite,sec:enstatite,anomalous:1,,,
312,EH,chondrite,sec:enstatite,group:EH,,,
103,EH3,chondrite,sec:enstatite,group:EH,petrologictype:3,,
66,EH3/4-an,chondrite,sec:enstatite,group:EH,petrologictype:3|4,anomalous:1,
3,EH4,chondrite,sec:enstatite,group:EH,petrologictype:4,,
210,EH4/5,chondrite,sec:enstatite,group:EH,petrologictype:4|5,,
111,EH5,chondrite,sec:enstatite,group:EH,petrologictype:5,,
350,EH6,chondrite,sec:enstatite,group:EH,petrologictype:6,,
463,EH6-an,chondrite,sec:enstatite,group:EH,petrologictype:6,anomalous:1,
431,EH7,chondrite,sec:enstatite,group:EH,petrologictype:7,,
78,EH7-an,chondrite,sec:enstatite,group:EH,petrologictype:7,anomalous:1,
330,EH-imp melt,chondrite,sec:enstatite,group:EH,melt:impact,,
167,EL3,chondrite,sec:enstatite,group:EL,petrologictype:3,,
401,EL3/4,chondrite,sec:enstatite,group:EL,petrologictype:3|4,,
233,EL4,chondrite,sec:enstatite,group:EL,petrologictype:4,,
296,EL4/5,chondrite,sec:enstatite,group:EL,petrologictype:4|5,,
150,EL5,chondrite,sec:enstatite,group:EL,petrologictype:5,,
53,EL6,chondrite,sec:enstatite,group:EL,petrologictype:6,,
394,EL6,chondrite,sec:enstatite,group:EL,petrologictype:6,,
317,EL6/7,chondrite,sec:enstatite,group:EL,petrologictype:6|7,,
318,EL7,chondrite,sec:enstatite,group:EL,petrologictype:7,,
349,EL-melt rock,chondrite,sec:enstatite,group:EL,melted,,
367,Enst achon,achondrite,other:sec:enstatite-rich,,,,
403,Enst achon-ung,achondrite,other:sec:enstatite-rich,,,,
44,Eucrite,achondrite,,group:eucrite,,,
266,Eucrite-an,achondrite,,group:eucrite,anomalous:1,,
107,Eucrite-br,achondrite,,group:eucrite,breccia:1,,
94,Eucrite-cm,achondrite,,group:eucrite,other:cumulatae,,
165,Eucrite-Mg rich,achondrite,,group:eucrite,other:contains magnesian pyroxene,,
18,Eucrite-mmict,achondrite,,group:eucrite,breccia:1,,
37,Eucrite-pmict,achondrite,,group:eucrite,breccia:1,,
181,Eucrite-unbr,achondrite,,group:eucrite,,,
332,Fusion crust,other:fusion crust,,,,,
12,H,chondrite,sec:ordinary,group:H,,,
460,H(?)4,chondrite,sec:ordinary,group:H,petrologictype:4,,
273,H(5?),chondrite,sec:ordinary,group:H,petrologictype:5,,
252,H(L)3,chondrite,sec:ordinary,group:H,petrologictype:3,,
250,H(L)3-an,chondrite,sec:ordinary,group:H,petrologictype:3,anomalous:1,
321,H/L~4,chondrite,sec:ordinary,group:H|L,petrologictype:4,,
240,H/L3,chondrite,sec:ordinary,group:H|L,petrologictype:3,,
239,H/L3.5,chondrite,sec:ordinary,group:H|L,petrologictype:3,,
118,H/L3.6,chondrite,sec:ordinary,group:H|L,petrologictype:3,,
383,H/L3.7,chondrite,sec:ordinary,group:H|L,petrologictype:3,,
42,H/L3.9,chondrite,sec:ordinary,group:H|L,petrologictype:3,,
368,H/L3-4,chondrite,sec:ordinary,group:H|L,breccia:1,petrologictype:3-4,
48,H/L4,chondrite,sec:ordinary,group:H|L,petrologictype:4,,
400,H/L4/5,chondrite,sec:ordinary,group:H|L,petrologictype:4|5,,
446,H/L4-5,chondrite,sec:ordinary,group:H|L,breccia:1,petrologictype:4-5,
272,H/L5,chondrite,sec:ordinary,group:H|L,petrologictype:5,,
244,H/L6,chondrite,sec:ordinary,group:H|L,petrologictype:6,,
402,H/L6-melt rock,chondrite,sec:ordinary,group:H|L,petrologictype:6,melt:secondary,
73,H?,chondrite,sec:ordinary,group:H,,,
154,H~4,chondrite,sec:ordinary,group:H,petrologictype:4,,
276,H~4/5,chondrite,sec:ordinary,group:H,petrologictype:4|5,,
147,H~5,chondrite,sec:ordinary,group:H,petrologictype:5,,
148,H~6,chondrite,sec:ordinary,group:H,petrologictype:6,,
65,H3,chondrite,sec:ordinary,group:H,petrologictype:3,,
306,H3,chondrite,sec:ordinary,group:H,petrologictype:3,,
197,H3.0,chondrite,sec:ordinary,group:H,petrologictype:3,,
428,H3.0-3.4,chondrite,sec:ordinary,group:H,petrologictype:3,,
379,H3.05,chondrite,sec:ordinary,group:H,petrologictype:3,,
198,H3.1,chondrite,sec:ordinary,group:H,petrologictype:3,,
380,H3.10,chondrite,sec:ordinary,group:H,petrologictype:3,,
409,H3.15,chondrite,sec:ordinary,group:H,petrologictype:3,,
261,H3.2,chondrite,sec:ordinary,group:H,petrologictype:3,,
440,H3.2-3.7,chondrite,sec:ordinary,group:H,breccia:1,petrologictype:3,
459,H3.2-6,chondrite,sec:ordinary,group:H,breccia:1,petrologictype:3-6,
462,H3.2-an,chondrite,sec:ordinary,group:H,petrologictype:3,anomalous:1,
194,H3.3,chondrite,sec:ordinary,group:H,petrologictype:3,,
113,H3.4,chondrite,sec:ordinary,group:H,petrologictype:3,,
270,H3.4/3.5,chondrite,sec:ordinary,group:H,petrologictype:3,,
437,H3.4-5,chondrite,sec:ordinary,group:H,breccia:1,petrologictype:3-6,
169,H3.5,chondrite,sec:ordinary,group:H,petrologictype:3,,
166,H3.5-4,chondrite,sec:ordinary,group:H,breccia:1,petrologictype:3-4,
157,H3.6,chondrite,sec:ordinary,group:H,petrologictype:3,,
137,H3.6-6,chondrite,sec:ordinary,group:H,breccia:1,petrologictype:3-6,
69,H3.7,chondrite,sec:ordinary,group:H,petrologictype:3,,
328,H3.7/3.8,chondrite,sec:ordinary,group:H,petrologictype:3,,
326,H3.7-5,chondrite,sec:ordinary,group:H,breccia:1,petrologictype:3-5,
195,H3.7-6,chondrite,sec:ordinary,group:H,breccia:1,petrologictype:3-6,
54,H3.8,chondrite,sec:ordinary,group:H,petrologictype:3,,
434,H3.8/3.9,chondrite,sec:ordinary,group:H,petrologictype:3,,
139,H3.8/4,chondrite,sec:ordinary,group:H,petrologictype:3|4,,
315,H3.8-4,chondrite,sec:ordinary,group:H,breccia:1,petrologictype:3-4,
138,H3.8-5,chondrite,sec:ordinary,group:H,breccia:1,petrologictype:3-5,
436,H3.8-6,chondrite,sec:ordinary,group:H,breccia:1,petrologictype:3-6,
451,H3.8-an,chondrite,sec:ordinary,group:H,petrologictype:3,anomalous:1,
136,H3.9,chondrite,sec:ordinary,group:H,petrologictype:3,,
127,H3.9/4,chondrite,sec:ordinary,group:H,petrologictype:3|4,,
140,H3.9-5,chondrite,sec:ordinary,group:H,breccia:1,petrologictype:3-5,
229,H3.9-6,chondrite,sec:ordinary,group:H,breccia:1,petrologictype:3-6,
72,H3/4,chondrite,sec:ordinary,group:H,petrologictype:3|4,,
101,H3-4,chondrite,sec:ordinary,group:H,breccia:1,petrologictype:3-4,
55,H3-5,chondrite,sec:ordinary,group:H,breccia:1,petrologictype:3-5,
74,H3-6,chondrite,sec:ordinary,group:H,breccia:1,petrologictype:3-6,
218,H3-an,chondrite,sec:ordinary,group:H,petrologictype:3,anomalous:1,
11,H4,chondrite,sec:ordinary,group:H,petrologictype:4,,
302,H4,chondrite,sec:ordinary,group:H,petrologictype:4,,
293,H4(?),chondrite,sec:ordinary,group:H,petrologictype:4,,
71,H4/5,chondrite,sec:ordinary,group:H,petrologictype:4|5,,
324,H4/6,chondrite,sec:ordinary,group:H,petrologictype:4|6,,
49,H4-5,chondrite,sec:ordinary,group:H,breccia:1,petrologictype:4-5,
60,H4-6,chondrite,sec:ordinary,group:H,breccia:1,petrologictype:4-6,
45,H4-an,chondrite,sec:ordinary,group:H,petrologictype:4,anomalous:1,
418,H4-melt breccia,chondrite,sec:ordinary,group:H,petrologictype:4,melt:breccia,breccia:1
7,H5,chondrite,sec:ordinary,group:H,petrologictype:5,,
300,H5,chondrite,sec:ordinary,group:H,petrologictype:5,,
92,H5/6,chondrite,sec:ordinary,group:H,petrologictype:5|6,,
56,H5-6,chondrite,sec:ordinary,group:H,breccia:1,petrologictype:5-6,
58,H5-7,chondrite,sec:ordinary,group:H,breccia:1,petrologictype:5-7,
209,H5-an,chondrite,sec:ordinary,group:H,petrologictype:5,anomalous:1,
264,H5-melt breccia,chondrite,sec:ordinary,group:H,petrologictype:5,melt:breccia,breccia:1
2,H6,chondrite,sec:ordinary,group:H,petrologictype:6,,
309,H6,chondrite,sec:ordinary,group:H,petrologictype:6,,
393,H6/7,chondrite,sec:ordinary,group:H,petrologictype:6|7,,
263,H6-melt breccia,chondrite,sec:ordinary,group:H,petrologictype:6,melt:breccia,breccia:1
172,H7,chondrite,sec:ordinary,group:H,petrologictype:7,,
236,H-an,chondrite,sec:ordinary,group:H,anomalous:1,,
246,H-imp melt,chondrite,sec:ordinary,group:H,melt:impact,,
425,H-melt breccia,chondrite,sec:ordinary,group:H,melt:breccia,breccia:1,
265,H-melt rock,chondrite,sec:ordinary,group:H,melt:secondary,,
308,H-metal,metal,,group:H,,,
36,Howardite,achondrite,,group:howardite,,,
417,Howardite-an,achondrite,,group:howardite,anomalous:1,,
381,Impact melt breccia,melt:impact,breccia:1,,,,
79,Iron,iron,,,,,
125,"Iron, IAB complex",iron,,chemicalgroup:IAB,,,
226,"Iron, IAB?",iron,,chemicalgroup:IAB,,,
354,"Iron, IAB-an",iron,,chemicalgroup:IAB,anomalous:1,,
41,"Iron, IAB-MG",iron,,chemicalgroup:IAB-MG,,,
294,"Iron, IAB-sHH",iron,,chemicalgroup:IAB-sHH,,,
76,"Iron, IAB-sHL",iron,,chemicalgroup:IAB-sHL,,,
395,"Iron, IAB-sHL-an",iron,,chemicalgroup:IAB-sHL,anomalous:1,,
249,"Iron, IAB-sLH",iron,,chemicalgroup:IAB-sLH,,,
28,"Iron, IAB-sLL",iron,,chemicalgroup:IAB-sLL,,,
185,"Iron, IAB-sLM",iron,,chemicalgroup:IAB-sLL,,,
104,"Iron, IAB-ung",iron,,chemicalgroup:IAB,,,
187,"Iron, IC",iron,,chemicalgroup:IC,,,
357,"Iron, IC-an",iron,,chemicalgroup:IC,anomalous:1,,
27,"Iron, IIAB",iron,,chemicalgroup:IIAB,,,
279,"Iron, IIAB-an",iron,,chemicalgroup:IIAB,anomalous:1,,
207,"Iron, IIC",iron,,chemicalgroup:IIC,,,
62,"Iron, IID",iron,,chemicalgroup:IID,,,
188,"Iron, IID-an",iron,,chemicalgroup:IID,anomalous:1,,
67,"Iron, IIE",iron,,chemicalgroup:IIE,,,
442,"Iron, IIE?",iron,,chemicalgroup:IIE,,,
85,"Iron, IIE-an",iron,,chemicalgroup:IIE,anomalous:1,,
108,"Iron, IIF",iron,,chemicalgroup:IIF,,,
206,"Iron, IIG",iron,,chemicalgroup:IIG,,,
47,"Iron, IIIAB",iron,,chemicalgroup:IIIAB,,,
290,"Iron, IIIAB?",iron,,chemicalgroup:IIIAB,,,
119,"Iron, IIIAB-an",iron,,chemicalgroup:IIIAB,anomalous:1,,
189,"Iron, IIIE",iron,,chemicalgroup:IIIE,,,
156,"Iron, IIIE-an",iron,,chemicalgroup:IIIE,anomalous:1,,
211,"Iron, IIIF",iron,,chemicalgroup:IIIF,,,
13,"Iron, IVA",iron,,chemicalgroup:IVA,,,
190,"Iron, IVA-an",iron,,chemicalgroup:IVA,anomalous:1,,
219,"Iron, IVB",iron,,chemicalgroup:IVB,,,
29,"Iron, ungrouped",iron,,,,,
43,Iron?,iron,,,,,
341,K,chondrite,sec:kakangari,,,,
82,K3,chondrite,sec:kakangari,petrologictype:3,,,
8,L,chondrite,sec:ordinary,group:L,,,
173,L(?)3,chondrite,sec:ordinary,group:L,petrologictype:3,,
369,L(H)3,chondrite,sec:ordinary,group:L,petrologictype:3,,
378,L(LL)~4,chondrite,sec:ordinary,group:L,petrologictype:4,,
251,L(LL)3,chondrite,sec:ordinary,group:L,petrologictype:3,,
345,L(LL)3.05,chondrite,sec:ordinary,group:L,petrologictype:3,,
155,L(LL)3.5-3.7,chondrite,sec:ordinary,group:L,petrologictype:3,breccia:1,
454,L(LL)5,chondrite,sec:ordinary,group:L,petrologictype:5,,
455,L(LL)6,chondrite,sec:ordinary,group:L,petrologictype:6,,
466,L/LL,chondrite,sec:ordinary,group:L|LL,,,
292,L/LL(?)3,chondrite,sec:ordinary,group:L|LL,petrologictype:3,,
259,L/LL~4,chondrite,sec:ordinary,group:L|LL,petrologictype:4,,
257,L/LL~5,chondrite,sec:ordinary,group:L|LL,petrologictype:5,,
256,L/LL~6,chondrite,sec:ordinary,group:L|LL,petrologictype:6,,
171,L/LL3,chondrite,sec:ordinary,group:L|LL,petrologictype:3,,
149,L/LL3.10,chondrite,sec:ordinary,group:L|LL,petrologictype:3,,
289,L/LL3.2,chondrite,sec:ordinary,group:L|LL,petrologictype:3,,
200,L/LL3.4,chondrite,sec:ordinary,group:L|LL,petrologictype:3,,
444,L/LL3.5,chondrite,sec:ordinary,group:L|LL,petrologictype:3,,
445,L/LL3.6/3.7,chondrite,sec:ordinary,group:L|LL,petrologictype:3,breccia:1,
238,L/LL3-5,chondrite,sec:ordinary,group:L|LL,petrologictype:3-5,breccia:1,
237,L/LL3-6,chondrite,sec:ordinary,group:L|LL,petrologictype:3-6,breccia:1,
17,L/LL4,chondrite,sec:ordinary,group:L|LL,petrologictype:4,,
352,L/LL4/5,chondrite,sec:ordinary,group:L|LL,petrologictype:4|5,,
429,L/LL4-6,chondrite,sec:ordinary,group:L|LL,petrologictype:3-6,breccia:1,
68,L/LL5,chondrite,sec:ordinary,group:L|LL,petrologictype:5,,
314,L/LL5/6,chondrite,sec:ordinary,group:L|LL,petrologictype:5|6,,
453,L/LL5-6,chondrite,sec:ordinary,group:L|LL,petrologictype:5-6,breccia:1,
46,L/LL6,chondrite,sec:ordinary,group:L|LL,petrologictype:6,,
124,L/LL6-an,chondrite,sec:ordinary,group:L|LL,petrologictype:6,anomalous:1,
392,L/LL-melt rock,chondrite,sec:ordinary,group:L|LL,melt:secondary,,
153,L~3,chondrite,sec:ordinary,group:L,petrologictype:3,,
258,L~4,chondrite,sec:ordinary,group:L,petrologictype:4,,
421,L~4-6,chondrite,sec:ordinary,group:L,petrologictype:4-6,breccia:1,
221,L~5,chondrite,sec:ordinary,group:L,petrologictype:5,,
152,L~6,chondrite,sec:ordinary,group:L,petrologictype:6,,
22,L3,chondrite,sec:ordinary,group:L,petrologictype:3,,
199,L3.0,chondrite,sec:ordinary,group:L,petrologictype:3,,
427,L3.00,chondrite,sec:ordinary,group:L,petrologictype:3,,
339,L3.0-3.7,chondrite,sec:ordinary,group:L,petrologictype:3,breccia:1,
438,L3.0-3.9,chondrite,sec:ordinary,group:L,petrologictype:3,breccia:1,
286,L3.05,chondrite,sec:ordinary,group:L,petrologictype:3,,
192,L3.1,chondrite,sec:ordinary,group:L,petrologictype:3,,
346,L3.10,chondrite,sec:ordinary,group:L,petrologictype:3,,
174,L3.2,chondrite,sec:ordinary,group:L,petrologictype:3,,
337,L3.2-3.5,chondrite,sec:ordinary,group:L,breccia:1,petrologictype:3,
281,L3.2-3.6,chondrite,sec:ordinary,group:L,breccia:1,petrologictype:3,
184,L3.3,chondrite,sec:ordinary,group:L,petrologictype:3,,
338,L3.3-3.5,chondrite,sec:ordinary,group:L,breccia:1,petrologictype:3,
282,L3.3-3.6,chondrite,sec:ordinary,group:L,breccia:1,petrologictype:3,
280,L3.3-3.7,chondrite,sec:ordinary,group:L,breccia:1,petrologictype:3,
75,L3.4,chondrite,sec:ordinary,group:L,petrologictype:3,,
158,L3.4-3.7,chondrite,sec:ordinary,group:L,breccia:1,petrologictype:3,
159,L3.5,chondrite,sec:ordinary,group:L,petrologictype:3,,
278,L3.5-3.7,chondrite,sec:ordinary,group:L,breccia:1,petrologictype:3,
439,L3.5-3.8,chondrite,sec:ordinary,group:L,breccia:1,petrologictype:3,
336,L3.5-3.9,chondrite,sec:ordinary,group:L,breccia:1,petrologictype:3,
291,L3.5-5,chondrite,sec:ordinary,group:L,breccia:1,petrologictype:3-5,
86,L3.6,chondrite,sec:ordinary,group:L,petrologictype:3,,
441,L3.6-4,chondrite,sec:ordinary,group:L,breccia:1,petrologictype:3-4,
50,L3.7,chondrite,sec:ordinary,group:L,petrologictype:3,,
329,L3.7/3.8,chondrite,sec:ordinary,group:L,a petrologictype:3,,
175,L3.7-3.9,chondrite,sec:ordinary,group:L,breccia:1,petrologi type 3,
180,L3.7-4,chondrite,sec:ordinary,group:L,breccia:1,petrologictype:3-4,
77,L3.7-6,chondrite,sec:ordinary,group:L,breccia:1,petrologictype:3-6,
128,L3.8,chondrite,sec:ordinary,group:L,petrologictype:3,,
365,L3.8-5,chondrite,sec:ordinary,group:L,breccia:1,petrologictype:3-5,
359,L3.8-6,chondrite,sec:ordinary,group:L,breccia:1,petrologictype:3-6,
353,L3.8-an,chondrite,sec:ordinary,group:L,petrologictype:3,anomalous:1,
131,L3.9,chondrite,sec:ordinary,group:L,petrologictype:3,,
143,L3.9/4,chondrite,sec:ordinary,group:L,petrologictype:3|4,,
435,L3.9-5,chondrite,sec:ordinary,group:L,breccia:1,petrologictype:3-5,
235,L3.9-6,chondrite,sec:ordinary,group:L,breccia:1,petrologictype:3-6,
245,L3/4,chondrite,sec:ordinary,group:L,petrologictype:3|4,,
91,L3-4,chondrite,sec:ordinary,group:L,breccia:1,petrologictype:3-4,
133,L3-5,chondrite,sec:ordinary,group:L,breccia:1,petrologictype:3-5,
59,L3-6,chondrite,sec:ordinary,group:L,breccia:1,petrologictype:3-6,
404,L3-7,chondrite,sec:ordinary,group:L,breccia:1,petrologictype:3-7,
420,L3-melt breccia,chondrite,sec:ordinary,group:L,petrologictype:3,melt:breccia,breccia:1
25,L4,chondrite,sec:ordinary,group:L,petrologictype:4,,
303,L4,chondrite,sec:ordinary,group:L,petrologictype:4,,
135,L4/5,chondrite,sec:ordinary,group:L,petrologictype:4|5,,
132,L4-5,chondrite,sec:ordinary,group:L,breccia:1,petrologictype:4-5,
110,L4-6,chondrite,sec:ordinary,group:L,breccia:1,petrologictype:4-6,
432,L4-an,chondrite,sec:ordinary,group:L,petrologictype:4,anomalous:1,
416,L4-melt breccia,chondrite,sec:ordinary,group:L,petrologictype:4,melt:breccia,breccia:1
398,L4-melt rock,chondrite,sec:ordinary,group:L,petrologictype:4,melt:secondary,
1,L5,chondrite,sec:ordinary,group:L,petrologictype:5,,
301,L5,chondrite,sec:ordinary,group:L,petrologictype:5,,
83,L5/6,chondrite,sec:ordinary,group:L,petrologictype:5|6,,
96,L5-6,chondrite,sec:ordinary,group:L,breccia:1,petrologictype:5-6,
297,L5-7,chondrite,sec:ordinary,group:L,breccia:1,petrologictype:5-7,
413,L5-melt breccia,chondrite,sec:ordinary,group:L,petrologictype:5 ,melt:breccia,breccia:1
5,L6,chondrite,sec:ordinary,group:L,petrologictype:6,,
305,L6,chondrite,sec:ordinary,group:L,petrologictype:6,,
214,L6/7,chondrite,sec:ordinary,group:L,petrologictype:6|7,,
277,L6-melt breccia,chondrite,sec:ordinary,group:L,petrologictype:6,melt:breccia,breccia:1
399,L6-melt rock,chondrite,sec:ordinary,group:L,petrologictype:6,melt:secondary,
254,L7,chondrite,sec:ordinary,group:L,petrologictype:7,,
216,L-imp melt,chondrite,sec:ordinary,group:L,melt:impact,,
106,LL,chondrite,sec:ordinary,group:LL,,,
260,LL(L)3,chondrite,sec:ordinary,group:LL,petrologictype:3,,
414,LL(L)3.1,chondrite,sec:ordinary,group:LL,petrologictype:3,,
447,LL~3,chondrite,sec:ordinary,group:LL,petrologictype:3,,
376,LL~4,chondrite,sec:ordinary,group:LL,petrologictype:4,,
377,LL~4/5,chondrite,sec:ordinary,group:LL,petrologictype:4|5,,
422,LL~5,chondrite,sec:ordinary,group:LL,petrologictype:5,,
231,LL~6,chondrite,sec:ordinary,group:LL,petrologictype:6,,
389,LL<3.5,chondrite,sec:ordinary,group:LL,petrologictype:3,,
151,LL3,chondrite,sec:ordinary,group:LL,petrologictype:3,,
202,LL3.0,chondrite,sec:ordinary,group:LL,petrologictype:3,,
112,LL3.00,chondrite,sec:ordinary,group:LL,petrologictype:3,,
406,LL3.05,chondrite,sec:ordinary,group:LL,petrologictype:3,,
370,LL3.1,chondrite,sec:ordinary,group:LL,petrologictype:3,,
363,LL3.10,chondrite,sec:ordinary,group:LL,petrologictype:3,,
456,LL3.1-3.5,chondrite,sec:ordinary,group:LL,breccia:1,petrologictype:3,
39,LL3.15,chondrite,sec:ordinary,group:LL,petrologictype:3,,
87,LL3.2,chondrite,sec:ordinary,group:LL,petrologictype:3,,
116,LL3.3,chondrite,sec:ordinary,group:LL,petrologictype:3,,
51,LL3.4,chondrite,sec:ordinary,group:LL,petrologictype:3,,
179,LL3.5,chondrite,sec:ordinary,group:LL,petrologictype:3,,
99,LL3.6,chondrite,sec:ordinary,group:LL,petrologictype:3,,
177,LL3.7,chondrite,sec:ordinary,group:LL,petrologictype:3,,
327,LL3.7-6,chondrite,sec:ordinary,group:LL,breccia:1,petrologictype:3-6,
35,LL3.8,chondrite,sec:ordinary,group:LL,petrologictype:3,,
408,LL3.8-4,chondrite,sec:ordinary,group:LL,breccia:1,petrologictype:3-4,
130,LL3.8-6,chondrite,sec:ordinary,group:LL,breccia:1,petrologictype:3-6,
40,LL3.9,chondrite,sec:ordinary,group:LL,petrologictype:3,,
450,LL3.9/4,chondrite,sec:ordinary,group:LL,petrologictype:3|4,,
269,LL3/4,chondrite,sec:ordinary,group:LL,petrologictype:3|4,,
388,LL3-4,chondrite,sec:ordinary,group:LL,breccia:1,petrologictype:3-4,
382,LL3-5,chondrite,sec:ordinary,group:LL,breccia:1,petrologictype:3-5,
6,LL3-6,chondrite,sec:ordinary,group:LL,breccia:1,petrologictype:3-6,
33,LL4,chondrite,sec:ordinary,group:LL,petrologictype:4,,
134,LL4/5,chondrite,sec:ordinary,group:LL,petrologictype:4|5,,
407,LL4/6,chondrite,sec:ordinary,group:LL,petrologictype:4 type 5|6,,
243,LL4-5,chondrite,sec:ordinary,group:LL,breccia:1,petrologictype:4-5,
122,LL4-6,chondrite,sec:ordinary,group:LL,breccia:1,petrologictype:4-6,
15,LL5,chondrite,sec:ordinary,group:LL,petrologictype:5,,
268,LL5/6,chondrite,sec:ordinary,group:LL,petrologictype:5|6,,
129,LL5-6,chondrite,sec:ordinary,group:LL,breccia:1,petrologictype:5-6,
449,LL5-7,chondrite,sec:ordinary,group:LL,breccia:1,petrologictype:5-7,
24,LL6,chondrite,sec:ordinary,group:LL,petrologictype:6,,
307,LL6,chondrite,sec:ordinary,group:LL,petrologictype:6,,
164,LL6(?),chondrite,sec:ordinary,group:LL,petrologictype:6,,
372,LL6/7,chondrite,sec:ordinary,group:LL,petrologictype:6|7,,
415,LL6-an,chondrite,sec:ordinary,group:LL,petrologictype:6,anomalous:1,
412,LL6-melt breccia,chondrite,sec:ordinary,group:LL,petrologictype:6,melt:breccia,breccia:1
120,LL7,chondrite,sec:ordinary,group:LL,petrologictype:7,,
163,LL7(?),chondrite,sec:ordinary,group:LL,petrologictype:7,,
274,LL-imp melt,chondrite,sec:ordinary,group:LL,melt:impact,,
411,LL-melt breccia,chondrite,sec:ordinary,group:LL,melt:breccia,breccia:1,
335,LL-melt rock,chondrite,sec:ordinary,group:L,melt:secondary,,
262,L-melt breccia,chondrite,sec:ordinary,group:L,melt:breccia,breccia:1,
325,L-melt rock,chondrite,sec:ordinary,group:L,melt:secondary,,
310,L-metal,metal,,group:L,,,
89,Lodranite,achondrite,sec:primitive,family:acapulcoite-lodranite,,,
458,Lodranite-an,achondrite,sec:primitive,family:acapulcoite-lodranite,anomalous:1,,
186,Lunar,lunar,,,,,
183,Lunar (anorth),lunar,,lithologies:anorthositic,,,
358,Lunar (bas. breccia),lunar,,lithologies:basaltic,breccia:1,,
267,Lunar (bas/anor),lunar,,lithologies:basaltic&anorthositic,,,
386,Lunar (bas/gab brec),lunar,,lithologies:basaltic&gabbroic,breccia:1,,
271,Lunar (basalt),lunar,,lithologies:basalic,,,
234,Lunar (feldsp. breccia),lunar,,lithologies:feldspathic,breccia:1,,
203,Lunar (gabbro),lunar,,lithologies:gabbroic,,,
426,Lunar (norite),lunar,,lithologies:noritic,,,
384,Martian,martian,,,,,
419,Martian (basaltic breccia),martian,,other:basaltic clasts,breccia:1,,
52,Martian (chassignite),martian,,type:chassignite,,,
98,Martian (nakhlite),martian,,type:nakhlite,,,
161,Martian (OPX),martian,,other:orthopyroxene-rich,,,
114,Martian (shergottite),martian,,type:shergottite,,,
57,Mesosiderite,mesosiderite,,,,breccia:1,
275,Mesosiderite?,mesosiderite,,,,breccia:1,
227,Mesosiderite-A,mesosiderite,,petrologicclass:A,,breccia:1,
32,Mesosiderite-A1,mesosiderite,,petrologicclass:A,metamorphicgrade:1,breccia:1,
223,Mesosiderite-A2,mesosiderite,,petrologicclass:A,metamorphicgrade:2,breccia:1,
90,Mesosiderite-A3,mesosiderite,,petrologicclass:A,metamorphicgrade:3,breccia:1,
63,Mesosiderite-A3/4,mesosiderite,,petrologicclass:A,metamorphicgrade:3|4,breccia:1,
313,Mesosiderite-A4,mesosiderite,,petrologicclass:A,metamorphicgrade:4,breccia:1,
222,Mesosiderite-an,mesosiderite,,anomalous:1,,breccia:1,
284,Mesosiderite-B,mesosiderite,,petrologicclass:B,,breccia:1,
176,Mesosiderite-B1,mesosiderite,,petrologicclass:B,metamorphicgrade:1,breccia:1,
121,Mesosiderite-B2,mesosiderite,,petrologicclass:B,metamorphicgrade:2,breccia:1,
213,Mesosiderite-B4,mesosiderite,,petrologicclass:B,metamorphicgrade:4,breccia:1,
366,Mesosiderite-C,mesosiderite,,petrologicclass:C,,breccia:1,
322,Mesosiderite-C2,mesosiderite,,petrologicclass:C,metamorphicgrade:2,breccia:1,
31,OC,chondrite,sec:ordinary,,,,
371,OC3,chondrite,sec:ordinary,petrologictype:3,,,
95,Pallasite,pallasite,,,,,
351,Pallasite,pallasite,,,,,
224,"Pallasite, PES",pallasite,,chemicalgroup:ES,,,
93,"Pallasite, PMG",pallasite,,chemicalgroup:MG,,,
126,"Pallasite, PMG-an",pallasite,,chemicalgroup:MG,anomalous:1,,
448,Pallasite?,pallasite,,,,,
331,R,sec:R,,,,,
253,R3,chondrite,sec:R,petrologictype:3,,,
405,R3.4,chondrite,sec:R,petrologictype:3,,,
423,R3.5-4,chondrite,sec:R,breccia:1,petrologictype:3-4,,
228,R3.5-6,chondrite,sec:R,breccia:1,petrologictype:3-6,,
168,R3.6,chondrite,sec:R,petrologictype:3,,,
373,R3.7,chondrite,sec:R,petrologictype:3,,,
220,R3.8,chondrite,sec:R,petrologictype:3,,,
142,R3.8-5,chondrite,sec:R,breccia:1,petrologictype:3-5,,
109,R3.8-6,chondrite,sec:R,breccia:1,petrologictype:3-6,,
361,R3.9,chondrite,sec:R,petrologictype:3,,,
360,R3/4,chondrite,sec:R,petrologictype:3|4,,,
241,R3-4,chondrite,sec:R,breccia:1,petrologictype:3-4,,
397,R3-5,chondrite,sec:R,breccia:1,petrologictype:3-5,,
212,R3-6,chondrite,sec:R,breccia:1,petrologictype:3-6,,
204,R4,chondrite,sec:R,petrologictype:4,,,
364,R4/5,chondrite,sec:R,petrologictype:4|5,,,
323,R5,chondrite,sec:R,petrologictype:5,,,
334,R6,chondrite,sec:R,petrologictype:6,,,
215,Relict H,chondrite,sec:ordinary,group:H,relict,,
295,Relict iron,iron,,,relict,,
311,Relict OC,chondrite,sec:ordinary,,relict,,
21,Stone-uncl,stone,,,,,
464,Stone-ung,stone,,,,,
10,Unknown,unknown,,,,,
61,Ureilite,achondrite,,group:ureilite,,,
20,Ureilite-an,achondrite,,group:ureilite,anomalous:1,,
230,Ureilite-pmict,achondrite,,group:ureilite,breccia:1,,
105,Winonaite,achondrite,sec:primitive,group:winonaite,,,
