x,,,,,,,,label,label-2,group,petrologic type,family,brecciac,chemical group,anomalous,petrologic class,metamorphic grade
1,ordinary chondrite from the L group that is petrologic type 5,,,,,,,chondrite,ordinary,L,5,NA,0,,,,
2,ordinary chondrite from the H group that is petrologic type 6,,,,,,,chondrite,ordinary,H,6,NA,0,,,,
3,enstatite chondrite of the EH group that is petrologic type 4,,,,,,,chondrite,enstatite,EH,4,NA,0,,,,
4, primitive achondrite belonging to the acapulcoite-lodranite family,,,,,,,achondrite,primitive,NA,NA,acapulcoite-lodranite,0,,,,
5,ordinary chondrite from the L group that is petrologic type 6,,,,,,,chondrite,ordinary,L,6,NA,0,,,,
6,ordinary chondrite from the LL group that is a breccia of components ranging from petrologic type 3 to type 6,,,,,,,chondrite,ordinary,LL,3 to 6,NA,1,,,,
7,ordinary chondrite from the H group that is petrologic type 5,,,,,,,chondrite,ordinary,H,5,NA,0,,,,
8,,,,,,,,,,,,,,,,,
9,"achondrite from the diogenite group, which is a polymict breccia",,,,,,,achondrite,NA,diogenite,,,1,,,,
10,object that has never been classified; some may not be meteorites,,,,,,,unclassified,NA,NA,NA,NA,0,,,,
11,ordinary chondrite from the H group that is petrologic type 4,,,,,,,chondrite,ordinary,H,4,NA,0,,,,
12,,,,,,,,,,,,,,,,,
13,iron meteorite belonging to chemical group IVA,,,,,,,iron,,,,,0,IVA,,,
14, carbonaceous chondrite of the CR group that anomalous and of petrologic type 2,,,,,,,chondrite,carbonaceous,CR,2,NA,0,NA,,,
15,ordinary chondrite from the LL group that is petrologic type 5,,,,,,,chondrite,ordinary,LL,5,NA,0,NA,,,
16, carbonaceous chondrite of the CI group that is petrologic type 1,,,,,,,chondrite,carbonaceous,CI,1,NA,0,NA,,,
17,ordinary chondrite from either the L group or LL group that is petrologic type 4,,,,,,,chondrite,ordinary,L ,4,NA,0,NA,,,
18,achondrite from the eucrite group; the meteorite is a monomict breccia,,,,,,,achondrite,NA,eucrite,NA,,1,NA,,,
19, carbonaceous chondrite of the CV group that is petrologic type 3,,,,,,,chondrite,carbonaceous,CV,,,,,,,
20,achondrite belonging to the ureilite group with anomalous properties,,,,,,,achondrite,NA,ureilite,,,,,1,,
21,,,,,,,,,,,,,,,,,
22,ordinary chondrite from the L group that is petrologic type 3,,,,,,,chondrite,ordinary,L,3,,,,,,
23,achondrite belonging to the angrite group,,,,,,,achondrite,,angrite,,,,,,,
24,ordinary chondrite from the LL group that is petrologic type 6,,,,,,,chondrite,ordinary,LL,6,,,,,,
25,ordinary chondrite from the L group that is petrologic type 4,,,,,,,chondrite,ordinary,L,4,,,,,,
26,achondrite belonging to the aubrite group,,,,,,,achondrite,,aubrite,,,,,,,
27,iron meteorite belonging to chemical group IIAB,,,,,,,iron,,,,,,IIAB,,,
28,"iron meteorite belonging to the low-Au, low-Ni subgroup (sLL) of the IAB complex",,,,,,,iron,,,,,,IAB,,,
29,iron meteorite that does not fit into any of the established chemical groups,,,,,,,iron,,,,,,NA,,,
30, carbonaceous chondrite of the CM group that is petrologic type 2,,,,,,,chondrite,carbonaceous,CM,2,,,,,,
31,,,,,,,,,,,,,,,,,
32, mesosiderite of petrologic class A and metamorphic grade 1,,,,,,,mesosiderite,,,,,,,,A,1
33,ordinary chondrite from the LL group that is petrologic type 4,,,,,,,chondrite,ordinary,LL,4,,,,,,
34, carbonaceous chondrite of petrologic type 2 that is ungrouped,,,,,,,chondrite,carbonaceous,NA,2,,,,,,
35,,,,,,,,,,,,,,,,,
36,achondrite from the howardite group,,,,,,,achondrite,,howardite,,,,,,,
37,achondrite from the eucrite group; the meteorite is a polymict breccia,,,,,,,achondrite,,eucrite,,,1,,,,
38,achondrite from the diogenite group,,,,,,,achondrite,,diogenite,,,,,,,
39,,,,,,,,,,,,,,,,,
40,,,,,,,,,,,,,,,,,
41,iron meteorite belonging to the main group (MG) of the IAB complex,,,,,,,iron,,,,,,IAB,,,
42,,,,,,,,,,,,,,,,,
43, possible iron meteorite that has not been classified,,,,,,,iron,,,,,,,,,
44,achondrite from the eucrite group,,,,,,,achondrite,,eucrite,,,,,,,
45,ordinary chondrite from the H group that is petrologic type 4 and has anomalous properties,,,,,,,chondrite,ordinary,H,4,,,,1,,
46,ordinary chondrite from either the L group or LL group that is petrologic type 6,,,,,,,chondrite,ordinary,L,6,,,,,,
47,iron meteorite belonging to chemical group IIIAB,,,,,,,iron,,,,,,IIAB,,,
48,ordinary chondrite from either the H group or L group that is petrologic type 4,,,,,,,chondrite,ordinary,H ~ L,4,,,,,,
49,ordinary chondrite from the H group that is a breccia of type 4 and type 5 components,,,,,,,chondrite,ordinary,H,4 to 5,,1,,,,
50,,,,,,,,,,,,,,,,,
51,,,,,,,,,,,,,,,,,
52,,,,,,,,,,,,,,,,,
53,enstatite chondrite of the EL group that is petrologic type 6,,,,,,,chondrite,enstatite,EL,6,,,,,,
54,,,,,,,,,,,,,,,,,
55,ordinary chondrite from the H group that is a breccia of components ranging from petrologic type 3 to type 5,,,,,,,chondrite,ordinary,H,3 to 5,,1,,,,
56,ordinary chondrite from the H group that is a breccia of type 5 and type 6 components,,,,,,,chondrite,ordinary,H,5 to 6,,1,,,,
57, mesosiderite that has not been assigned to a petrologic class or metamorphic grade,,,,,,,mesosiderite,,,,,,,,,
58,ordinary chondrite from the H group that is a breccia of components ranging from petrologic type 5 to type 7,,,,,,,chondrite,ordinary,H,5 to 7,,1,,,,
59,ordinary chondrite from the L group that is a breccia of components ranging from petrologic type 3 to type 6,,,,,,,chondrite,ordinary,L,3 to 6,,1,,,,
60,ordinary chondrite from the H group that is a breccia of components ranging from petrologic type 4 to type 6,,,,,,,chondrite,ordinary,H,4 to 6,,1,,,,
61,achondrite belonging to the ureilite group,,,,,,,achondrite,,ureilite,,,,,,,
62,iron meteorite belonging to chemical group IID,,,,,,,iron,,,,,,IID,,,
63, mesosiderite of petrologic class A and metamorphic grade 3 or 4,,,,,,,mesosiderite,,,,,,,,A,3 to 4
64,,,,,,,,,,,,,,,,,
65,ordinary chondrite from the H group that is petrologic type 3,,,,,,,chondrite,ordinary,H,3,,,,,,
66,enstatite chondrite of the EH group that is either petrologic type 3 or type 4 and has anomalous properties,,,,,,,chondrite,enstatite,EH,3 or 4,,,,1,,
67,iron meteorite belonging to chemical group IIE,,,,,,,iron,,,,,,IIE,,,
68,ordinary chondrite from either the L group or LL group that is petrologic type 5,,,,,,,,,,,,,,,,
69,,,,,,,,,,,,,,,,,
70, carbonaceous chondrite of the CB group of subtype a (contains large chondrule-like objects),,,,,,,chondrite,carbonaceous,CB,,,,,,,
71,ordinary chondrite from the H group that is either petrologic type 4 or type 5,,,,,,,chondrite,ordinary,H,4 to 5,,,,,,
72,ordinary chondrite from the H group that is either petrologic type 3 or type 4,,,,,,,chondrite,ordinary,H,3 to 4,,,,,,
73,,,,,,,,,,,,,,,,,
74,ordinary chondrite from the H group that is a breccia of components ranging from petrologic type 3 to type 6,,,,,,,chondrite,ordinary,H,3 to 6,,1,,,,
75,,,,,,,,,,,,,,,,,
76,"iron meteorite belonging to the high-Au, low-Ni subgroup (sHL) of the IAB complex",,,,,,,iron,,,,,,IAB,,,
77,,,,,,,,,,,,,,,,,
78,enstatite chondrite of the EH group that is petrologic type 7 and has anomalous properties,,,,,,,chondrite,enstatite,,,,,,,,
79,iron meteorite that has not been fully classified,,,,,,,iron,,,,,,,,,
80, carbonaceous chondrite of the CR group that is petrologic type 2,,,,,,,chondrite,carbonaceous,CR,2,,,,,,
81,,,,,,,,,,,,,,,,,
82, Kakangari chondrite of petrologic type 3,,,,,,,chondrite,kakangari,,3,,,,,,
83,ordinary chondrite from the L group that is either petrologic type 5 or type 6,,,,,,,chondrite,ordinary,L,5 or 6,,,,,,
84, carbonaceous chondrite of the CK group of petrologic type 4,,,,,,,chondrite,carbonaceous,CK,4,,,,,,
85,iron meteorite belonging to chemical group IIE with anomalous properties,,,,,,,iron,,,,,,IIE,,,
86,,,,,,,,,,,,,,,,,
87,,,,,,,,,,,,,,,,,
88,,,,,,,,,,,,,,,,,
89, primitive achondrite belonging to the acapulcoite-lodranite family,,,,,,,achondrite,primitive,,,acapulcoite-lodranite,,,,,
90, mesosiderite of petrologic class A and metamorphic grade 3,,,,,,,mesosiderite,,,,,,,,A,3
91,ordinary chondrite from the L group that is a breccia of type 3 and type 4 components,,,,,,,chondrite,ordinary,L,3 to 4,,1,,,,
92,ordinary chondrite from the H group that is either petrologic type 5 or type 6,,,,,,,chondrite,ordinary,H,5 to 6,,,,,,
93, pallasite belonging to the main chemical group,,,,,,,pallasite,,,,,,main,,,
94,achondrite from the eucrite group; the meteorite is a cumulate eucrite,,,,,,,achondrite,eucrite,,,,,,,,
95, pallasite that has not been assigned to a chemical group,,,,,,,pallasite,,,,,,,,,
96,ordinary chondrite from the L group that is a breccia of type 5 and type 6 components,,,,,,,chondrite,ordinary,L,5 to 6,,1,,,,
97,,,,,,,,,,,,,,,,,
98,,,,,,,,,,,,,,,,,
99,,,,,,,,,,,,,,,,,
100, carbonaceous chondrite of petrologic type 3 that is ungrouped,,,,,,,chondrite,carbonaceous,,3,,,,,,
101,ordinary chondrite from the H group that is a breccia of type 3 and type 4 components,,,,,,,chondrite,carbonaceous,H,3 to 4,,1,,,,
102,,,,,,,,,,,,,,,,,
103,enstatite chondrite of the EH group that is petrologic type 3,,,,,,,chondrite,enstatite,EH,3,,,,,,
104,iron meteorite belonging to the IAB complex that does not fit into the known subgroups,,,,,,,iron,,,,,,IAB,,,
105, primitive achondrite belonging to the winonaite group,,,,,,,achondrite,primitive,winonaite,,,,,,,
106,ordinary chondrite from the LL group for which the petrologic type has not been determined,,,,,,,chondrite,ordinary,LL,,,,,,,
107,achondrite from the eucrite group; the meteorite is brecciated,,,,,,,achondrite,eucrite,,,,1,,,,
108,iron meteorite belonging to chemical group IIF,,,,,,,iron,,,,,,IIF,,,
109,,,,,,,,,,,,,,,,,
110,ordinary chondrite from the L group that is a breccia of components ranging from petrologic type 4 to type 6,,,,,,,chondrite,ordinary,L,4 to 6,,1,,,,
111,enstatite chondrite of the EH group that is petrologic type 5,,,,,,,chondrite,enstatite,EH,5,,,,,,
112,,,,,,,,,,,,,,,,,
113,,,,,,,,,,,,,,,,,
114,,,,,,,,,,,,,,,,,
115,achondrite that is ungrouped,,,,,,,achondrite,,,,,,,,,
116,,,,,,,,,,,,,,,,,
117,,,,,,,,,,,,,,,,,
118,,,,,,,,,,,,,,,,,
119,iron meteorite belonging to chemical group IIIAB with anomalous properties,,,,,,,iron,,,,,,IIIAB,1,,
120,ordinary chondrite from the LL group that is petrologic type 7,,,,,,,chondrite,ordinary,LL,7,,,,,,
121, mesosiderite of petrologic class B and metamorphic grade 2,,,,,,,mesosiderite,,,,,,,,B,2
122,ordinary chondrite from the LL group that is a breccia of components ranging from petrologic type 4 to type 6,,,,,,,chondrite,ordinary,LL,4 to 6,,1,,,,
123,,,,,,,,,,,,,,,,,
124,ordinary chondrite from either the L group or LL group that is petrologic type 6 with anomalous properties,,,,,,,chondrite,ordinary,L,6,,,,1,,
125,iron meteorite belonging to the IAB complex that has not been classified into a subgroup,,,,,,,iron,,,,,,IAB,,,
126," pallasite belonging to the main chemical group, but with anomalous properties",,,,,,,pallasite,,,,,,MAIN,1,,
127,,,,,,,,,,,,,,,,,
128,,,,,,,,,,,,,,,,,
129,ordinary chondrite from the LL group that is a breccia of type 5 and type 6 components,,,,,,,chondrite,ordinary,,5 to 6,,1,,,,
130,,,,,,,,,,,,,,,,,
131,,,,,,,,,,,,,,,,,
132,ordinary chondrite from the L group that is a breccia of type 4 and type 5 components,,,,,,,chondrite,ordinary,,4 to 5,,,,,,
133,ordinary chondrite from the L group that is a breccia of components ranging from petrologic type 3 to type 5,,,,,,,chondrite,ordinary,,3 to 5,,,,,,
134,ordinary chondrite from the LL group that is either petrologic type 4 or type 5,,,,,,,chondrite,ordinary,LL,4 to 5,,,,,,
135,ordinary chondrite from the L group that is either petrologic type 4 or type 5,,,,,,,chondrite,ordinary,L,4 to 5,,,,,,
136,,,,,,,,,,,,,,,,,
137,,,,,,,,,,,,,,,,,
138,,,,,,,,,,,,,,,,,
139,,,,,,,,,,,,,,,,,
140,,,,,,,,,,,,,,,,,
141, carbonaceous chondrite of the CH group of petrologic type 3,,,,,,,chondrite,carbonaceous,CH,3,,,,,,
142,,,,,,,,,,,,,,,,,
143,,,,,,,,,,,,,,,,,
144,enstatite chondrite of petrologic type 4 that has not yet been classified into any group,,,,,,,,,,,,,,,,
145, carbonaceous chondrite of the CO group that is petrologic type 3,,,,,,,,,,,,,,,,
146,ungrouped chondrite that has not or can not be assigned to one of the major classes like carbonaceous chondrites or ordinary chondrites,,,,,,,,,,,,,,,,
147,ordinary chondrite from the H group that is approximately petrologic type 5,,,,,,,,,,,,,,,,
148,ordinary chondrite from the H group that is approximately petrologic type 6,,,,,,,,,,,,,,,,
149,,,,,,,,,,,,,,,,,
150,enstatite chondrite of the EL group that is petrologic type 5,,,,,,,,,,,,,,,,
151,ordinary chondrite from the LL group that is petrologic type 3,,,,,,,,,,,,,,,,
152,ordinary chondrite from the L group that is approximately petrologic type 6,,,,,,,,,,,,,,,,
153,ordinary chondrite from the L group that is approximately petrologic type 3,,,,,,,,,,,,,,,,
154,ordinary chondrite from the H group that is approximately petrologic type 4,,,,,,,,,,,,,,,,
155,,,,,,,,,,,,,,,,,
156,iron meteorite belonging to chemical group IIIE with anomalous properties,,,,,,,,,,,,,,,,
157,,,,,,,,,,,,,,,,,
158,,,,,,,,,,,,,,,,,
159,,,,,,,,,,,,,,,,,
160, carbonaceous chondrite of the CM group that is either petrologic type 1 or type 2,,,,,,,,,,,,,,,,
161,,,,,,,,,,,,,,,,,
162, primitive achondrite belonging to the brachinite group,,,,,,,,,,,,,,,,
163,n ordinary chondrite from the LL group that is possibly petrologic type 7,,,,,,,,,,,,,,,,
164,n ordinary chondrite from the LL group that is possibly petrologic type 6,,,,,,,,,,,,,,,,
165,,,,,,,,,,,,,,,,,
166,,,,,,,,,,,,,,,,,
167,enstatite chondrite of the EL group that is petrologic type 3,,,,,,,,,,,,,,,,
168,,,,,,,,,,,,,,,,,
169,,,,,,,,,,,,,,,,,
170, carbonaceous chondrite of the CM group that is petrologic type 1,,,,,,,,,,,,,,,,
171,ordinary chondrite from either the L group or LL group that is petrologic type 3,,,,,,,,,,,,,,,,
172,ordinary chondrite from the H group that is petrologic type 7,,,,,,,,,,,,,,,,
173,,,,,,,,,,,,,,,,,
174,,,,,,,,,,,,,,,,,
175,,,,,,,,,,,,,,,,,
176, mesosiderite of petrologic class B and metamorphic grade 1,,,,,,,,,,,,,,,,
177,,,,,,,,,,,,,,,,,
178,,,,,,,,,,,,,,,,,
179,,,,,,,,,,,,,,,,,
180,,,,,,,,,,,,,,,,,
181,achondrite from the eucrite group; the meteorite is unbrecciated,,,,,,,,,,,,,,,,
182, carbonaceous chondrite of the CV group that is anomalous and of petrologic type 3,,,,,,,,,,,,,,,,
183,,,,,,,,,,,,,,,,,
184,,,,,,,,,,,,,,,,,
185,"iron meteorite belonging to the low-Au, medium-Ni subgroup (sLM) of the IAB complex",,,,,,,,,,,,,,,,
186, lunar meteorite,,,,,,,,,,,,,,,,
187,iron meteorite belonging to chemical group IC,,,,,,,,,,,,,,,,
188,iron meteorite belonging to chemical group IID with anomalous properties,,,,,,,,,,,,,,,,
189,iron meteorite belonging to chemical group IIIE,,,,,,,,,,,,,,,,
190,iron meteorite belonging to chemical group IVA with anomalous properties,,,,,,,,,,,,,,,,
191, carbonaceous chondrite of the CK group that is anomalous and petrologic type 6,,,,,,,,,,,,,,,,
192,,,,,,,,,,,,,,,,,
193, carbonaceous chondrite of the CK group that is anomalous and petrologic type 5,,,,,,,,,,,,,,,,
194,,,,,,,,,,,,,,,,,
195,,,,,,,,,,,,,,,,,
196,enstatite chondrite of petrologic type 6 that has not yet been classified into any group,,,,,,,,,,,,,,,,
197,,,,,,,,,,,,,,,,,
198,,,,,,,,,,,,,,,,,
199,,,,,,,,,,,,,,,,,
200,,,,,,,,,,,,,,,,,
201, carbonaceous chondrite of petrologic type 6 that has not yet been classified into any group,,,,,,,,,,,,,,,,
202,,,,,,,,,,,,,,,,,
203,,,,,,,,,,,,,,,,,
204,R chondrite that is petrologic type 4,,,,,,,,,,,,,,,,
205, carbonaceous chondrite of petrologic type 4 that has not yet been classified into any group,,,,,,,,,,,,,,,,
206,iron meteorite belonging to chemical group IIG,,,,,,,,,,,,,,,,
207,iron meteorite belonging to chemical group IIC,,,,,,,,,,,,,,,,
208, carbonaceous chondrite of petrologic type 1 that is ungrouped,,,,,,,,,,,,,,,,
209,ordinary chondrite from the H group that is petrologic type 5 and has anomalous properties,,,,,,,,,,,,,,,,
210,enstatite chondrite of the EH group that is either petrologic type 4 or type 5 ,,,,,,,,,,,,,,,,
211,iron meteorite belonging to chemical group IIIF,,,,,,,,,,,,,,,,
212,R chondrite that is a breccia of components ranging from petrologic type 3 to type 6,,,,,,,,,,,,,,,,
213, mesosiderite of petrologic class B and metamorphic grade 4,,,,,,,,,,,,,,,,
214,ordinary chondrite from the L group that is either petrologic type 6 or type 7,,,,,,,,,,,,,,,,
215, relict meteorite that originated as an H group ordinary chondrite,,,,,,,,,,,,,,,,
216,ordinary chondrite from the L group that has experienced impact melting,,,,,,,,,,,,,,,,
217, carbonaceous chondrite of the CK group of petrologic type 3,,,,,,,,,,,,,,,,
218,ordinary chondrite from the H group that is petrologic type 3 and has anomalous properties,,,,,,,,,,,,,,,,
219,iron meteorite belonging to chemical group IVB,,,,,,,,,,,,,,,,
220,,,,,,,,,,,,,,,,,
221,ordinary chondrite from the L group that is approximately petrologic type 5,,,,,,,,,,,,,,,,
222, mesosiderite with anomalous properties,,,,,,,,,,,,,,,,
223, mesosiderite of petrologic class A and metamorphic grade 2,,,,,,,,,,,,,,,,
224, pallasite belonging to the Eagle Station chemical group,,,,,,,,,,,,,,,,
225, carbonaceous chondrite of petrologic type 4 that is ungrouped,,,,,,,,,,,,,,,,
226,n iron meteorite that may belong to the IAB complex,,,,,,,,,,,,,,,,
227, mesosiderite of petrologic class A,,,,,,,,,,,,,,,,
228,,,,,,,,,,,,,,,,,
229,,,,,,,,,,,,,,,,,
230,achondrite belonging to the ureilite group which is a polymict breccia,,,,,,,,,,,,,,,,
231,ordinary chondrite from the LL group that is approximately petrologic type 6,,,,,,,,,,,,,,,,
232, carbonaceous chondrite of the CK group that is either petrologic type 4 or type 5,,,,,,,,,,,,,,,,
233,enstatite chondrite of the EL group that is petrologic type 4,,,,,,,,,,,,,,,,
234,,,,,,,,,,,,,,,,,
235,,,,,,,,,,,,,,,,,
236,ordinary chondrite from the H group which has anomalous properties and for which the petrologic type has not been determined,,,,,,,,,,,,,,,,
237,ordinary chondrite from either the L group or LL group that is a breccia of components ranging from type 3 to type 6,,,,,,,,,,,,,,,,
238,ordinary chondrite from either the L group or LL group that is a breccia of components ranging from type 3 to type 5,,,,,,,,,,,,,,,,
239,,,,,,,,,,,,,,,,,
240,ordinary chondrite from either the H group or L group that is petrologic type 3,,,,,,,,,,,,,,,,
241,R chondrite that is a breccia of type 3 and type 4 components,,,,,,,,,,,,,,,,
242, carbonaceous chondrite of the CK group that is anomalous and petrologic type 3,,,,,,,,,,,,,,,,
243,ordinary chondrite from the LL group that is a breccia of type 4 and type 5 components,,,,,,,,,,,,,,,,
244,ordinary chondrite from either the H group or L group that is petrologic type 6,,,,,,,,,,,,,,,,
245,ordinary chondrite from the L group that is either petrologic type 3 or type 4,,,,,,,,,,,,,,,,
246,ordinary chondrite from the H group that has experienced impact melting,,,,,,,,,,,,,,,,
247, carbonaceous chondrite of the CR group for which the petrologic type has not been determined,,,,,,,,,,,,,,,,
248, piece of fusion crust that became detached from a chondrite,,,,,,,,,,,,,,,,
249,"iron meteorite belonging to the low-Au, high-Ni subgroup (sLH) of the IAB complex",,,,,,,,,,,,,,,,
250,,,,,,,,,,,,,,,,,
251,,,,,,,,,,,,,,,,,
252,,,,,,,,,,,,,,,,,
253,R chondrite that is petrologic type 3,,,,,,,,,,,,,,,,
254,ordinary chondrite from the L group that is petrologic type 7,,,,,,,,,,,,,,,,
255, carbonaceous chondrite of the CM group that is anomalous and for which the petrologic type has not been determined,,,,,,,,,,,,,,,,
256,ordinary chondrite from either the L group or LL group that is approximately petrologic type 6,,,,,,,,,,,,,,,,
257,ordinary chondrite from either the L group or LL group that is approximately petrologic type 5,,,,,,,,,,,,,,,,
258,ordinary chondrite from the L group that is approximately petrologic type 4,,,,,,,,,,,,,,,,
259,ordinary chondrite from either the L group or LL group that is approximately petrologic type 4,,,,,,,,,,,,,,,,
260,,,,,,,,,,,,,,,,,
261,,,,,,,,,,,,,,,,,
262,ordinary chondrite from the L group that is a breccia with melted material forming the matrix,,,,,,,,,,,,,,,,
263,ordinary chondrite from the H group that is petrologic type 6 and is a breccia with melted material forming the matrix,,,,,,,,,,,,,,,,
264,ordinary chondrite from the H group that is petrologic type 5 and is a breccia with melted material forming the matrix,,,,,,,,,,,,,,,,
265,ordinary chondrite from the H group that has experienced secondary melting,,,,,,,,,,,,,,,,
266,achondrite from the eucrite group which is anomalous,,,,,,,,,,,,,,,,
267,,,,,,,,,,,,,,,,,
268,ordinary chondrite from the LL group that is either petrologic type 5 or type 6,,,,,,,,,,,,,,,,
269,ordinary chondrite from the LL group that is either petrologic type 3 or type 4,,,,,,,,,,,,,,,,
270,,,,,,,,,,,,,,,,,
271,,,,,,,,,,,,,,,,,
272,ordinary chondrite from either the H group or L group that is petrologic type 5,,,,,,,,,,,,,,,,
273,,,,,,,,,,,,,,,,,
274,ordinary chondrite from the LL group that has experienced impact melting,,,,,,,,,,,,,,,,
275, possible mesosiderite,,,,,,,,,,,,,,,,
276,ordinary chondrite from the H group that is approximately petrologic type 4 or type 5,,,,,,,,,,,,,,,,
277,ordinary chondrite from the L group that is petrologic type 6 and is a breccia with melted material forming the matrix,,,,,,,,,,,,,,,,
278,,,,,,,,,,,,,,,,,
279,iron meteorite belonging to chemical group IIAB with anomalous properties,,,,,,,,,,,,,,,,
280,,,,,,,,,,,,,,,,,
281,,,,,,,,,,,,,,,,,
282,,,,,,,,,,,,,,,,,
283, primitive achondrite belonging to the acapulcoite-lodranite family,,,,,,,,,,,,,,,,
284, mesosiderite of petrologic class B,,,,,,,,,,,,,,,,
285, carbonaceous chondrite of the CK group that is either petrologic type 5 or type 6,,,,,,,,,,,,,,,,
286,,,,,,,,,,,,,,,,,
287, carbonaceous chondrite of petrologic type 2 that has not yet been classified into any group,,,,,,,,,,,,,,,,
288, carbonaceous chondrite that is either petrologic type 4 or type 5,,,,,,,,,,,,,,,,
289,,,,,,,,,,,,,,,,,
290,n iron meteorite that may belong to chemical group IIIAB,,,,,,,,,,,,,,,,
291,,,,,,,,,,,,,,,,,
292,,,,,,,,,,,,,,,,,
293,n ordinary chondrite that may be from the H group and may be petrologic type 4,,,,,,,,,,,,,,,,
294,"iron meteorite belonging to the high-Au, high-Ni subgroup (sHH) of the IAB complex",,,,,,,,,,,,,,,,
295,,,,,,,,,,,,,,,,,
296,enstatite chondrite of the EL group that is either petrologic type 4 or type 5,,,,,,,,,,,,,,,,
297,ordinary chondrite from the L group that is a breccia of components ranging from petrologic type 5 to type 7,,,,,,,,,,,,,,,,
298,"achondrite from the diogenite group, which has anomalous properties",,,,,,,,,,,,,,,,
299, carbonaceous chondrite of the CR group that is petrologic type 1,,,,,,,,,,,,,,,,
300,,,,,,,,,,,,,,,,,
301,,,,,,,,,,,,,,,,,
302,,,,,,,,,,,,,,,,,
303,,,,,,,,,,,,,,,,,
304,,,,,,,,,,,,,,,,,
305,,,,,,,,,,,,,,,,,
306,,,,,,,,,,,,,,,,,
307,,,,,,,,,,,,,,,,,
308, meteorite that is dominantly composed of Fe-Ni metal,,,,,,,,,,,,,,,,
309,babe,,,,,,,,,,,,,,,,
310, meteorite that is dominantly composed of Fe-Ni metal,,,,,,,,,,,,,,,,
311, relict meteorite that originated as an ordinary chondrite,,,,,,,,,,,,,,,,
312,enstatite chondrite of the EH group for which the petrologic type has not been determined,,,,,,,,,,,,,,,,
313, mesosiderite of petrologic class A and metamorphic grade 4,,,,,,,,,,,,,,,,
314,ordinary chondrite from either the L group or LL group that is either petrologic type 5 or type 6,,,,,,,,,,,,,,,,
315,,,,,,,,,,,,,,,,,
316, carbonaceous chondrite of the CB group of subtype b (contains small chondrules),,,,,,,,,,,,,,,,
317,enstatite chondrite of the EL group that is either petrologic type 6 or type 7,,,,,,,,,,,,,,,,
318,enstatite chondrite of the EL group that is petrologic type 7,,,,,,,,,,,,,,,,
319,,,,,,,,,,,,,,,,,
320,,,,,,,,,,,,,,,,,
321,ordinary chondrite from either the H group or L group that is approximately petrologic type 4,,,,,,,,,,,,,,,,
322, mesosiderite of petrologic class C and metamorphic grade 2,,,,,,,,,,,,,,,,
323,R chondrite that is petrologic type 5,,,,,,,,,,,,,,,,
324,"ordinary chondrite from the H group that is either petrologic type 4, type 5, or type 6",,,,,,,,,,,,,,,,
325,ordinary chondrite from the L group that has experienced secondary melting,,,,,,,,,,,,,,,,
326,,,,,,,,,,,,,,,,,
327,,,,,,,,,,,,,,,,,
328,,,,,,,,,,,,,,,,,
329,,,,,,,,,,,,,,,,,
330,enstatite chondrite of the EH group which has been impact melted,,,,,,,,,,,,,,,,
331,,,,,,,,,,,,,,,,,
332, piece of fusion crust that became detached from a meteorite,,,,,,,,,,,,,,,,
333,aubrite with certain anomalous properties,,,,,,,,,,,,,,,,
334,R chondrite that is petrologic type 6,,,,,,,,,,,,,,,,
335,,,,,,,,,,,,,,,,,
336,,,,,,,,,,,,,,,,,
337,,,,,,,,,,,,,,,,,
338,,,,,,,,,,,,,,,,,
339,,,,,,,,,,,,,,,,,
340,enstatite chondrite of petrologic type 3 with anomalous properties that has not yet been classified into any group,,,,,,,,,,,,,,,,
341, Kakangari chondrite for which the petrologic type has not been determined,,,,,,,,,,,,,,,,
342,enstatite chondrite of petrologic type 3 that has not yet been classified into any group,,,,,,,,,,,,,,,,
343, primitive achondrite belonging to the acapulcoite-lodranite family,,,,,,,,,,,,,,,,
344, carbonaceous chondrite of the CK group that is anomalous and petrologic type 4,,,,,,,,,,,,,,,,
345,,,,,,,,,,,,,,,,,
346,,,,,,,,,,,,,,,,,
347, carbonaceous chondrite of the CB group,,,,,,,,,,,,,,,,
348,,,,,,,,,,,,,,,,,
349,enstatite chondrite of the EL group which has been melted,,,,,,,,,,,,,,,,
350,enstatite chondrite of the EH group that is petrologic type 6,,,,,,,,,,,,,,,,
351," pallasite that is neither a member of the main group nor the Eagle Station grouplet, and is therefore ungrouped",,,,,,,,,,,,,,,,
352,ordinary chondrite from either the L group or LL group that is either petrologic type 4 or type 5,,,,,,,,,,,,,,,,
353,,,,,,,,,,,,,,,,,
354,iron meteorite belonging to the IAB complex that has anomalous properties,,,,,,,,,,,,,,,,
355, carbonaceous chondrite that is either petrologic type 5 or type 6 and is ungrouped,,,,,,,,,,,,,,,,
356, carbonaceous chondrite of the CV group that is petrologic type 2,,,,,,,,,,,,,,,,
357,iron meteorite belonging to chemical group IC with anomalous properties,,,,,,,,,,,,,,,,
358,,,,,,,,,,,,,,,,,
359,,,,,,,,,,,,,,,,,
360,R chondrite that is either petrologic type 3 or type 4,,,,,,,,,,,,,,,,
361,,,,,,,,,,,,,,,,,
362, carbonaceous chondrite of the CK group for which the petrologic type has not been determined,,,,,,,,,,,,,,,,
363,,,,,,,,,,,,,,,,,
364,R chondrite that is either petrologic type 4 or type 5,,,,,,,,,,,,,,,,
365,,,,,,,,,,,,,,,,,
366, mesosiderite of petrologic class C,,,,,,,,,,,,,,,,
367,enstatite-rich achondrite that has not yet been classified into a group,,,,,,,,,,,,,,,,
368,ordinary chondrite from either the H group or L group that is a breccia of type 3 and type 4 components,,,,,,,,,,,,,,,,
369,,,,,,,,,,,,,,,,,
370,,,,,,,,,,,,,,,,,
371,"ordinary chondrite, not yet assigned to a group, that is petrologic type 3",,,,,,,,,,,,,,,,
372,ordinary chondrite from the LL group that is either petrologic type 6 or type 7,,,,,,,,,,,,,,,,
373,,,,,,,,,,,,,,,,,
374,,,,,,,,,,,,,,,,,
375,,,,,,,,,,,,,,,,,
376,ordinary chondrite from the LL group that is approximately petrologic type 4,,,,,,,,,,,,,,,,
377,ordinary chondrite from the LL group that is approximately petrologic type 4 or type 5,,,,,,,,,,,,,,,,
378,,,,,,,,,,,,,,,,,
379,,,,,,,,,,,,,,,,,
380,,,,,,,,,,,,,,,,,
381, meteorite of unspecified parentage that contains clasts supported by a matrix of impact melt,,,,,,,,,,,,,,,,
382,ordinary chondrite from the LL group that is a breccia of components ranging from petrologic type 3 to type 5,,,,,,,,,,,,,,,,
383,,,,,,,,,,,,,,,,,
384, martian meteorite,,,,,,,,,,,,,,,,
385,,,,,,,,,,,,,,,,,
386,,,,,,,,,,,,,,,,,
387, primitive achondrite that has not yet been classified into any group,,,,,,,,,,,,,,,,
388,ordinary chondrite from the LL group that is a breccia of type 3 and type 4 components,,,,,,,,,,,,,,,,
389,,,,,,,,,,,,,,,,,
390, carbonaceous chondrite of the CK group that is either petrologic type type 3 or type 4,,,,,,,,,,,,,,,,
391,,,,,,,,,,,,,,,,,
392,ordinary chondrite from either the L group or LL group that has experienced secondary melting,,,,,,,,,,,,,,,,
393,ordinary chondrite from the H group that is either petrologic type 6 or type 7,,,,,,,,,,,,,,,,
394,,,,,,,,,,,,,,,,,
395,"iron meteorite belonging to the high-Au, low-Ni subgroup (sHL) of the IAB complex, but with anomalous properties",,,,,,,,,,,,,,,,
396, carbonaceous chondrite of the CM group that is petrologic type 2 and anomalous,,,,,,,,,,,,,,,,
397,R chondrite that is a breccia of components ranging from petrologic type 3 to type 5,,,,,,,,,,,,,,,,
398,ordinary chondrite from the L group that is petrologic type 4 and has experienced secondary melting,,,,,,,,,,,,,,,,
399,ordinary chondrite from the L group that is petrologic type 6 and has experienced secondary melting,,,,,,,,,,,,,,,,
400,ordinary chondrite from either the H group or L group that is either petrologic type 4 or type 5,,,,,,,,,,,,,,,,
401,enstatite chondrite of the EL group that is either petrologic type 3 or type 4,,,,,,,,,,,,,,,,
402,ordinary chondrite from either the H group or L group that is petrologic type 6 and has experienced secondary melting,,,,,,,,,,,,,,,,
403,enstatite-rich achondrite that is ungrouped,,,,,,,,,,,,,,,,
404,ordinary chondrite from the L group that is a breccia of components ranging from petrologic type 3 to type 7,,,,,,,,,,,,,,,,
405,,,,,,,,,,,,,,,,,
406,,,,,,,,,,,,,,,,,
407,"ordinary chondrite from the LL group that is either petrologic type 4, type 5, or type 6",,,,,,,,,,,,,,,,
408,,,,,,,,,,,,,,,,,
409,,,,,,,,,,,,,,,,,
410,,,,,,,,,,,,,,,,,
411,ordinary chondrite from the LL group that is a breccia with melted material forming the matrix,,,,,,,,,,,,,,,,
412,ordinary chondrite from the LL group that is petrologic type 6 and is a breccia with melted material forming the matrix,,,,,,,,,,,,,,,,
413,ordinary chondrite from the L group that is petrologic type 5 and is a breccia with melted material forming the matrix,,,,,,,,,,,,,,,,
414,,,,,,,,,,,,,,,,,
415,ordinary chondrite from the LL group that is petrologic type 6 with anomalous properties,,,,,,,,,,,,,,,,
416,ordinary chondrite from the L group that is petrologic type 4 and is a breccia with melted material forming the matrix,,,,,,,,,,,,,,,,
417,"achondrite from the howardite group, which has anomalous properties",,,,,,,,,,,,,,,,
418,ordinary chondrite from the H group that is petrologic type 4 and is a breccia with melted material forming the matrix,,,,,,,,,,,,,,,,
419,,,,,,,,,,,,,,,,,
420,ordinary chondrite from the L group that is petrologic type 3 and is a breccia with melted material forming the matrix,,,,,,,,,,,,,,,,
421,ordinary chondrite from the L group that is a breccia of components ranging from approximately petrologic type 4 to type 6,,,,,,,,,,,,,,,,
422,ordinary chondrite from the LL group that is approximately petrologic type 5,,,,,,,,,,,,,,,,
423,,,,,,,,,,,,,,,,,
424, carbonaceous chondrite of the CR group that is petrologic type 7,,,,,,,,,,,,,,,,
425,ordinary chondrite from the H group that is a breccia with melted material forming the matrix,,,,,,,,,,,,,,,,
426,,,,,,,,,,,,,,,,,
427,,,,,,,,,,,,,,,,,
428,,,,,,,,,,,,,,,,,
429,ordinary chondrite from either the L group or LL group that is a breccia of type 4 through type 6 components,,,,,,,,,,,,,,,,
430, carbonaceous chondrite of the CM group,,,,,,,,,,,,,,,,
431,enstatite chondrite of the EH group that is petrologic type 7,,,,,,,,,,,,,,,,
432,ordinary chondrite from the L group that is petrologic type 4 and has anomalous properties,,,,,,,,,,,,,,,,
433,enstatite chondrite that has not yet been classified and which has anomalous properties,,,,,,,,,,,,,,,,
434,,,,,,,,,,,,,,,,,
435,,,,,,,,,,,,,,,,,
436,,,,,,,,,,,,,,,,,
437,,,,,,,,,,,,,,,,,
438,,,,,,,,,,,,,,,,,
439,,,,,,,,,,,,,,,,,
440,,,,,,,,,,,,,,,,,
441,,,,,,,,,,,,,,,,,
442,n iron meteorite that may belong to chemical group IIE,,,,,,,,,,,,,,,,
443, carbonaceous chondrite that is either petrologic type 3 or type 4 and is ungrouped,,,,,,,,,,,,,,,,
444,,,,,,,,,,,,,,,,,
445,,,,,,,,,,,,,,,,,
446,ordinary chondrite from either the H group or L group that is a breccia of type 4 and type 5 components,,,,,,,,,,,,,,,,
447,ordinary chondrite from the LL group that is approximately petrologic type 3,,,,,,,,,,,,,,,,
448, possible pallasite,,,,,,,,,,,,,,,,
449,ordinary chondrite from the LL group that is a breccia of components ranging from petrologic type 5 to type 7,,,,,,,,,,,,,,,,
450,,,,,,,,,,,,,,,,,
451,,,,,,,,,,,,,,,,,
452, carbonaceous chondrite of the CR group that is anomalous and for which the petrologic type has not been determined,,,,,,,,,,,,,,,,
453,ordinary chondrite from either the L group or LL group that is a breccia of type 5 and type 6 components,,,,,,,,,,,,,,,,
454,,,,,,,,,,,,,,,,,
455,,,,,,,,,,,,,,,,,
456,,,,,,,,,,,,,,,,,
457,enstatite chondrite of petrologic type 5 that has not yet been classified into any group,,,,,,,,,,,,,,,,
458, primitive achondrite belonging to the acapulcoite-lodranite family with anomalous properties ,,,,,,,,,,,,,,,,
459,,,,,,,,,,,,,,,,,
460,,,,,,,,,,,,,,,,,
461,enstatite chondrite of petrologic type 5 with anomalous properties that has not yet been classified into any group,,,,,,,,,,,,,,,,
462,,,,,,,,,,,,,,,,,
463,enstatite chondrite of the EH group that is petrologic type 6 and has anomalous properties,,,,,,,,,,,,,,,,
464, stony meteorite that is ungrouped,,,,,,,,,,,,,,,,
465, carbonaceous chondrite transitional between petrologic type 1 and type 2 that is ungrouped,,,,,,,,,,,,,,,,
466,ordinary chondrite from either the L group or LL group for which the petrologic type has not been determined,,,,,,,,,,,,,,,,
